"idx","num_of_columns","columns","wlp","is_comp"
1,7,"1 2 4 8 16 15 19","0 1 2 0 0",FALSE
2,7,"1 2 4 8 16 31 7","0 2 0 1 0",FALSE
3,7,"1 2 4 8 16 7 11","0 3 0 0 0",FALSE
4,7,"1 2 4 8 7 11 13","0 7 0 0 0",FALSE
5,7,"1 2 4 8 16 31 3","1 0 1 1 0",FALSE
6,7,"1 2 4 8 16 7 24","1 1 0 0 1",FALSE
7,7,"1 2 4 8 16 15 3","1 1 1 0 0",FALSE
8,7,"1 2 4 8 16 3 12","2 0 0 1 0",FALSE
9,7,"1 2 4 8 16 7 3","2 1 0 0 0",FALSE
10,7,"1 2 4 8 3 5 14","2 3 2 0 0",FALSE
11,7,"1 2 4 8 3 5 10","3 2 1 1 0",FALSE
12,7,"1 2 4 8 3 5 9","3 3 0 0 1",FALSE
13,7,"1 2 4 8 3 5 6","4 3 0 0 0",FALSE
14,7,"1 2 4 3 5 6 7","7 7 0 0 1",FALSE
15,8,"1 2 4 8 16 15 19 21","0 3 4 0 0 0",FALSE
16,8,"1 2 4 8 16 31 7 11","0 5 0 2 0 0",FALSE
17,8,"1 2 4 8 16 7 11 19","0 6 0 0 0 1",FALSE
18,8,"1 2 4 8 16 7 11 13","0 7 0 0 0 0",FALSE
19,8,"8 9 10 11 12 13 14 15","0 14 0 0 0 1",FALSE
20,8,"1 2 4 8 16 15 19 5","1 2 3 1 0 0",FALSE
21,8,"1 2 4 8 16 15 19 7","1 3 2 0 1 0",FALSE
22,8,"1 2 4 8 16 15 19 17","2 1 2 2 0 0",FALSE
23,8,"1 2 4 8 16 31 3 12","2 1 2 2 0 0",FALSE
24,8,"1 2 4 8 16 31 7 3","2 2 1 1 1 0",FALSE
25,8,"1 2 4 8 16 15 19 3","2 2 2 0 0 1",FALSE
26,8,"1 2 4 8 16 7 11 5","2 3 2 0 0 0",FALSE
27,8,"1 2 4 8 16 7 24 3","3 1 0 2 1 0",FALSE
28,8,"1 2 4 8 16 15 3 7","3 2 1 1 0 0",FALSE
29,8,"1 2 4 8 16 7 11 3","3 3 0 0 1 0",FALSE
30,8,"7 9 10 11 12 13 14 15","3 7 4 0 1 0",FALSE
31,8,"1 2 4 8 16 7 3 5","4 3 0 0 0 0",FALSE
32,8,"6 7 9 11 12 13 14 15","4 5 4 2 0 0",FALSE
33,8,"6 7 10 11 12 13 14 15","4 6 4 0 0 1",FALSE
34,8,"6 7 9 10 11 12 13 15","5 5 2 2 1 0",FALSE
35,8,"3 5 6 9 10 12 14 15","7 7 0 0 1 0",FALSE
36,9,"1 2 4 8 16 15 19 21 25","0 6 8 0 0 1 0",FALSE
37,9,"1 2 4 8 16 15 19 21 22","0 7 7 0 0 0 1",FALSE
38,9,"1 2 4 8 16 31 7 11 21","0 9 0 6 0 0 0",FALSE
39,9,"1 2 4 8 16 31 7 11 13","0 10 0 4 0 1 0",FALSE
40,9,"1 2 4 8 16 7 11 13 14","0 14 0 0 0 1 0",FALSE
41,9,"1 2 4 8 16 15 19 21 9","1 5 6 2 1 0 0",FALSE
42,9,"1 2 4 8 16 15 19 21 7","1 7 4 0 3 0 0",FALSE
43,9,"1 2 4 8 16 15 19 5 24","2 3 6 4 0 0 0",FALSE
44,9,"1 2 4 8 16 15 19 21 3","2 4 6 2 0 1 0",FALSE
45,9,"1 2 4 8 16 31 7 11 5","2 5 4 2 2 0 0",FALSE
46,9,"1 2 4 8 16 31 7 11 12","2 5 5 2 0 0 1",FALSE
47,9,"1 2 4 8 16 7 11 19 5","2 6 4 0 2 1 0",FALSE
48,9,"1 2 4 8 16 15 19 5 10","3 3 4 4 1 0 0",FALSE
49,9,"1 2 4 8 16 15 19 7 17","3 3 4 4 1 0 0",FALSE
50,9,"1 2 4 8 16 15 19 21 17","3 3 4 4 1 0 0",FALSE
51,9,"1 2 4 8 16 15 19 5 3","3 4 4 2 1 1 0",FALSE
52,9,"1 2 4 8 16 31 7 11 3","3 5 2 2 3 0 0",FALSE
53,9,"1 2 4 8 16 7 11 13 3","3 7 4 0 1 0 0",FALSE
54,9,"1 2 4 8 16 31 3 12 19","4 3 2 4 2 0 0",FALSE
55,9,"1 2 4 8 16 15 19 17 18","4 3 3 4 0 0 1",FALSE
56,9,"1 2 4 8 16 31 3 12 15","4 3 3 4 0 0 1",FALSE
57,9,"1 2 4 8 16 15 19 7 3","4 4 2 2 2 1 0",FALSE
58,9,"1 2 4 8 16 15 19 17 3","4 4 2 2 2 1 0",FALSE
59,9,"1 2 4 8 16 7 11 5 9","4 5 4 2 0 0 0",FALSE
60,9,"1 2 4 8 16 7 11 19 3","4 6 0 0 4 1 0",FALSE
61,9,"1 2 4 8 16 7 11 5 6","4 6 4 0 0 1 0",FALSE
62,9,"7 8 9 10 11 12 13 14 15","4 14 8 0 4 1 0",FALSE
63,9,"1 2 4 8 16 7 24 3 5","5 3 0 4 3 0 0",FALSE
64,9,"1 2 4 8 16 7 11 5 3","5 5 2 2 1 0 0",FALSE
65,9,"5 6 7 9 10 11 13 14 15","6 9 9 6 0 0 1",FALSE
66,9,"6 7 9 10 11 12 13 14 15","6 10 8 4 2 1 0",FALSE
67,9,"1 2 4 8 16 7 3 5 6","7 7 0 0 1 0 0",FALSE
68,9,"5 6 7 9 10 11 12 14 15","7 9 6 6 3 0 0",FALSE
69,9,"3 5 6 9 10 12 13 14 15","8 10 4 4 4 1 0",FALSE
70,10,"1 2 4 8 16 15 19 21 25 30","0 10 16 0 0 5 0 0",FALSE
71,10,"1 2 4 8 16 31 7 11 21 25","0 15 0 15 0 0 0 1",FALSE
72,10,"1 2 4 8 16 31 7 11 21 13","0 16 0 12 0 3 0 0",FALSE
73,10,"1 2 4 8 16 31 7 11 13 14","0 18 0 8 0 5 0 0",FALSE
74,10,"1 2 4 8 16 15 19 21 25 7","1 10 11 4 3 1 1 0",FALSE
75,10,"1 2 4 8 16 15 19 21 22 7","1 14 7 0 7 1 1 0",FALSE
76,10,"1 2 4 8 16 15 19 21 9 31","2 7 12 7 2 0 0 1",FALSE
77,10,"1 2 4 8 16 15 19 21 25 3","2 8 12 4 2 3 0 0",FALSE
78,10,"1 2 4 8 16 31 7 11 21 6","2 9 9 6 4 0 1 0",FALSE
79,10,"1 2 4 8 16 31 7 11 13 18","2 10 8 4 6 1 0 0",FALSE
80,10,"1 2 4 8 16 15 19 21 9 23","3 6 11 8 1 1 1 0",FALSE
81,10,"1 2 4 8 16 15 19 21 9 3","3 7 10 6 3 2 0 0",FALSE
82,10,"1 2 4 8 16 15 19 21 22 3","3 8 11 4 1 3 1 0",FALSE
83,10,"1 2 4 8 16 31 7 11 21 3","3 9 6 6 7 0 0 0",FALSE
84,10,"1 2 4 8 16 31 7 11 13 3","3 10 7 4 5 1 1 0",FALSE
85,10,"1 2 4 8 16 15 19 5 24 13","4 5 9 10 2 0 1 0",FALSE
86,10,"1 2 4 8 16 7 11 19 5 24","4 6 8 8 4 1 0 0",FALSE
87,10,"1 2 4 8 16 15 19 5 24 3","4 6 8 8 4 1 0 0",FALSE
88,10,"1 2 4 8 16 15 19 21 9 6","4 6 8 8 4 1 0 0",FALSE
89,10,"1 2 4 8 16 15 19 21 25 17","4 6 8 8 4 1 0 0",FALSE
90,10,"1 2 4 8 16 15 19 21 7 17","4 7 8 7 4 0 0 1",FALSE
91,10,"1 2 4 8 16 31 7 11 5 9","4 7 8 7 4 0 0 1",FALSE
92,10,"1 2 4 8 16 15 19 21 3 5","4 7 9 6 2 2 1 0",FALSE
93,10,"1 2 4 8 16 15 19 21 3 18","4 8 8 4 4 3 0 0",FALSE
94,10,"1 2 4 8 16 15 19 21 7 3","4 8 8 4 4 3 0 0",FALSE
95,10,"1 2 4 8 16 31 7 11 5 10","4 8 8 4 4 3 0 0",FALSE
96,10,"1 2 4 8 16 31 7 11 13 15","4 10 4 4 8 1 0 0",FALSE
97,10,"1 2 4 8 16 7 11 19 5 6","4 10 8 0 4 5 0 0",FALSE
98,10,"1 2 4 8 16 7 11 13 14 3","4 14 8 0 4 1 0 0",FALSE
99,10,"1 2 4 8 16 15 19 5 10 17","5 5 6 10 5 0 0 0",FALSE
100,10,"1 2 4 8 16 15 19 5 10 3","5 6 7 8 3 1 1 0",FALSE
101,10,"1 2 4 8 16 15 19 7 17 18","5 6 7 8 3 1 1 0",FALSE
102,10,"1 2 4 8 16 15 19 21 3 17","5 6 7 8 3 1 1 0",FALSE
103,10,"1 2 4 8 16 31 7 11 5 3","5 7 6 6 5 2 0 0",FALSE
104,10,"1 2 4 8 16 31 7 11 5 15","5 7 6 6 5 2 0 0",FALSE
105,10,"1 2 4 8 16 31 7 11 12 3","5 8 7 4 3 3 1 0",FALSE
106,10,"1 2 4 8 16 15 19 7 17 3","6 6 4 8 6 1 0 0",FALSE
107,10,"1 2 4 8 16 31 7 11 3 15","6 7 4 7 6 0 0 1",FALSE
108,10,"1 2 4 8 16 15 19 5 3 7","6 7 5 6 4 2 1 0",FALSE
109,10,"1 2 4 8 16 7 11 19 5 3","6 8 4 4 6 3 0 0",FALSE
110,10,"1 2 4 8 16 7 11 5 9 15","6 9 9 6 0 0 1 0",FALSE
111,10,"1 2 4 8 16 7 11 13 3 5","6 10 8 4 2 1 0 0",FALSE
112,10,"1 2 4 8 16 15 19 17 18 3","7 8 3 4 5 3 1 0",FALSE
113,10,"1 2 4 8 16 7 11 5 9 3","7 9 6 6 3 0 0 0",FALSE
114,10,"1 2 4 8 16 7 24 3 5 6","8 7 0 7 8 0 0 1",FALSE
115,10,"1 2 4 8 16 7 11 5 6 3","8 10 4 4 4 1 0 0",FALSE
116,10,"6 7 8 9 10 11 12 13 14 15","8 18 16 8 8 5 0 0",FALSE
117,10,"5 6 7 9 10 11 12 13 14 15","9 16 15 12 7 3 1 0",FALSE
118,10,"3 5 6 7 9 10 11 12 13 14","10 15 12 15 10 0 0 1",FALSE
119,10,"3 5 6 9 10 11 12 13 14 15","10 16 12 12 10 3 0 0",FALSE
120,11,"1 2 4 8 16 31 7 11 21 25 13","0 25 0 27 0 10 0 1 0",FALSE
121,11,"1 2 4 8 16 31 7 11 21 13 14","0 26 0 24 0 13 0 0 0",FALSE
122,11,"1 2 4 8 16 15 19 21 25 30 3","2 14 22 8 6 9 2 0 0",FALSE
123,11,"1 2 4 8 16 31 7 11 21 13 17","2 16 16 12 10 3 4 0 0",FALSE
124,11,"1 2 4 8 16 31 7 11 13 14 17","2 18 14 8 14 5 2 0 0",FALSE
125,11,"1 2 4 8 16 15 19 21 25 7 9","3 13 19 11 9 6 1 1 0",FALSE
126,11,"1 2 4 8 16 31 7 11 21 25 3","3 15 13 15 13 0 3 1 0",FALSE
127,11,"1 2 4 8 16 31 7 11 21 13 20","3 16 12 12 16 3 0 0 1",FALSE
128,11,"1 2 4 8 16 31 7 11 21 13 3","3 16 13 12 13 3 3 0 0",FALSE
129,11,"1 2 4 8 16 15 19 21 25 3 29","4 10 20 16 4 5 4 0 0",FALSE
130,11,"1 2 4 8 16 15 19 21 9 31 3","4 11 18 15 8 4 2 1 0",FALSE
131,11,"1 2 4 8 16 15 19 21 25 3 5","4 12 18 12 8 7 2 0 0",FALSE
132,11,"1 2 4 8 16 15 19 21 25 7 3","4 12 18 12 8 7 2 0 0",FALSE
133,11,"1 2 4 8 16 31 7 11 13 18 20","4 13 16 11 12 6 0 1 0",FALSE
134,11,"1 2 4 8 16 15 19 21 25 3 18","4 14 16 8 12 9 0 0 0",FALSE
135,11,"1 2 4 8 16 31 7 11 21 13 5","4 16 10 12 16 3 2 0 0",FALSE
136,11,"1 2 4 8 16 31 7 11 13 14 3","4 18 12 8 12 5 4 0 0",FALSE
137,11,"1 2 4 8 16 15 19 21 9 31 6","5 9 17 19 7 2 3 1 0",FALSE
138,11,"1 2 4 8 16 15 19 21 9 3 28","5 10 16 16 10 5 0 0 1",FALSE
139,11,"1 2 4 8 16 15 19 21 25 3 12","5 10 16 16 10 5 0 0 1",FALSE
140,11,"1 2 4 8 16 15 19 21 25 30 17","5 10 16 16 10 5 0 0 1",FALSE
141,11,"1 2 4 8 16 15 19 21 9 23 3","5 10 17 16 7 5 3 0 0",FALSE
142,11,"1 2 4 8 16 15 19 21 25 7 17","5 11 15 15 11 4 1 1 0",FALSE
143,11,"1 2 4 8 16 31 7 11 13 18 3","5 11 15 15 11 4 1 1 0",FALSE
144,11,"1 2 4 8 16 31 7 11 21 6 10","5 11 15 15 11 4 1 1 0",FALSE
145,11,"1 2 4 8 16 31 7 11 13 18 5","5 12 15 12 11 7 1 0 0",FALSE
146,11,"1 2 4 8 16 31 7 11 21 6 3","5 12 15 12 11 7 1 0 0",FALSE
147,11,"1 2 4 8 16 15 19 21 22 7 3","5 15 15 7 11 8 1 1 0",FALSE
148,11,"1 2 4 8 16 31 7 11 13 14 15","5 18 8 8 18 5 0 0 1",FALSE
149,11,"1 2 4 8 16 15 19 5 24 13 3","6 9 14 19 10 2 2 1 0",FALSE
150,11,"1 2 4 8 16 7 11 19 5 24 6","6 10 14 16 10 5 2 0 0",FALSE
151,11,"1 2 4 8 16 7 11 19 5 24 9","6 10 14 16 10 5 2 0 0",FALSE
152,11,"1 2 4 8 16 15 19 21 9 3 6","6 10 14 16 10 5 2 0 0",FALSE
153,11,"1 2 4 8 16 15 19 21 9 3 11","6 10 14 16 10 5 2 0 0",FALSE
154,11,"1 2 4 8 16 15 19 21 9 23 6","6 10 14 16 10 5 2 0 0",FALSE
155,11,"1 2 4 8 16 15 19 21 25 3 17","6 10 14 16 10 5 2 0 0",FALSE
156,11,"1 2 4 8 16 31 7 11 21 3 5","6 11 12 15 14 4 0 1 0",FALSE
157,11,"1 2 4 8 16 31 7 11 13 18 15","6 12 12 12 14 7 0 0 0",FALSE
158,11,"1 2 4 8 16 31 7 11 21 3 20","6 12 12 12 14 7 0 0 0",FALSE
159,11,"1 2 4 8 16 15 19 21 3 5 23","6 12 16 12 6 7 4 0 0",FALSE
160,11,"1 2 4 8 16 15 19 21 22 3 5","6 12 16 12 6 7 4 0 0",FALSE
161,11,"1 2 4 8 16 31 7 11 13 3 5","6 13 14 11 10 6 2 1 0",FALSE
162,11,"1 2 4 8 16 31 7 11 13 3 12","6 14 14 8 10 9 2 0 0",FALSE
163,11,"1 2 4 8 16 15 19 21 9 6 17","7 9 11 19 13 2 1 1 0",FALSE
164,11,"1 2 4 8 16 15 19 5 24 3 7","7 10 11 16 13 5 1 0 0",FALSE
165,11,"1 2 4 8 16 15 19 21 7 17 3","7 11 13 15 9 4 3 1 0",FALSE
166,11,"1 2 4 8 16 31 7 11 5 9 3","7 11 13 15 9 4 3 1 0",FALSE
167,11,"1 2 4 8 16 31 7 11 5 9 15","7 11 13 15 9 4 3 1 0",FALSE
168,11,"1 2 4 8 16 15 19 21 3 18 7","7 12 12 12 12 7 0 0 1",FALSE
169,11,"1 2 4 8 16 31 7 11 5 10 3","7 12 12 12 12 7 0 0 1",FALSE
170,11,"1 2 4 8 16 15 19 21 3 5 6","7 12 13 12 9 7 3 0 0",FALSE
171,11,"1 2 4 8 16 15 19 21 3 5 7","7 12 13 12 9 7 3 0 0",FALSE
172,11,"1 2 4 8 16 31 7 11 13 3 15","7 13 11 11 13 6 1 1 0",FALSE
173,11,"1 2 4 8 16 7 11 19 5 24 3","8 10 8 16 16 5 0 0 0",FALSE
174,11,"1 2 4 8 16 15 19 5 10 3 7","8 11 10 15 12 4 2 1 0",FALSE
175,11,"1 2 4 8 16 15 19 21 3 18 17","8 12 10 12 12 7 2 0 0",FALSE
176,11,"1 2 4 8 16 31 7 11 5 10 15","8 12 10 12 12 7 2 0 0",FALSE
177,11,"1 2 4 8 16 7 11 13 14 3 5","8 18 16 8 8 5 0 0 0",FALSE
178,11,"1 2 4 8 16 15 19 7 17 18 3","9 11 7 15 15 4 1 1 0",FALSE
179,11,"1 2 4 8 16 31 7 11 12 3 15","9 13 9 11 11 6 3 1 0",FALSE
180,11,"1 2 4 8 16 7 11 19 5 6 3","9 14 8 8 14 9 0 0 1",FALSE
181,11,"1 2 4 8 16 7 11 5 9 15 3","9 16 15 12 7 3 1 0 0",FALSE
182,11,"1 2 4 8 16 7 11 5 9 3 12","10 15 12 15 10 0 0 1 0",FALSE
183,11,"1 2 4 8 16 7 11 13 3 5 6","10 16 12 12 10 3 0 0 0",FALSE
184,11,"5 6 7 8 9 10 11 12 13 14 15","12 26 28 24 20 13 4 0 0",FALSE
185,11,"3 5 6 7 9 10 11 12 13 14 15","13 25 25 27 23 10 3 1 0",FALSE
186,11,"3 5 6 8 9 10 11 12 13 14 15","13 26 24 24 26 13 0 0 1",FALSE
187,12,"1 2 4 8 16 31 7 11 21 25 13 14","0 38 0 52 0 33 0 4 0 0",FALSE
188,12,"1 2 4 8 16 31 7 11 21 13 14 26","0 39 0 48 0 39 0 0 0 1",FALSE
189,12,"1 2 4 8 16 31 7 11 21 25 13 3","3 25 23 27 25 10 13 1 0 0",FALSE
190,12,"1 2 4 8 16 31 7 11 21 13 14 17","3 26 22 24 28 13 10 0 1 0",FALSE
191,12,"1 2 4 8 16 15 19 21 25 30 3 5","4 20 32 22 20 19 8 2 0 0",FALSE
192,12,"1 2 4 8 16 31 7 11 13 14 17 18","4 22 28 20 28 17 4 4 0 0",FALSE
193,12,"1 2 4 8 16 15 19 21 25 30 3 18","4 23 28 16 28 23 4 0 0 1",FALSE
194,12,"1 2 4 8 16 31 7 11 21 25 13 5","4 25 19 27 31 10 9 1 1 0",FALSE
195,12,"1 2 4 8 16 31 7 11 21 13 14 3","4 26 20 24 28 13 12 0 0 0",FALSE
196,12,"1 2 4 8 16 15 19 21 25 30 3 7","5 18 32 24 18 21 8 0 1 0",FALSE
197,12,"1 2 4 8 16 31 7 11 21 13 17 3","5 19 29 25 23 16 7 3 0 0",FALSE
198,12,"1 2 4 8 16 31 7 11 21 13 17 20","5 20 28 22 26 19 4 2 1 0",FALSE
199,12,"1 2 4 8 16 31 7 11 21 13 14 5","5 26 16 24 34 13 8 0 1 0",FALSE
200,12,"1 2 4 8 16 15 19 21 25 3 29 5","6 16 30 30 18 15 10 2 0 0",FALSE
201,12,"1 2 4 8 16 15 19 21 25 7 9 23","6 16 30 30 18 15 10 2 0 0",FALSE
202,12,"1 2 4 8 16 15 19 21 25 7 9 3","6 17 29 27 21 18 7 1 1 0",FALSE
203,12,"1 2 4 8 16 31 7 11 21 13 3 18","6 18 26 28 26 13 6 4 0 0",FALSE
204,12,"1 2 4 8 16 31 7 11 21 13 17 10","6 18 26 28 26 13 6 4 0 0",FALSE
205,12,"1 2 4 8 16 31 7 11 21 25 3 5","6 18 26 28 26 13 6 4 0 0",FALSE
206,12,"1 2 4 8 16 31 7 11 21 25 3 17","6 18 26 28 26 13 6 4 0 0",FALSE
207,12,"1 2 4 8 16 15 19 21 25 3 5 23","6 18 30 24 18 21 10 0 0 0",FALSE
208,12,"1 2 4 8 16 31 7 11 21 13 20 3","6 19 25 25 29 16 3 3 1 0",FALSE
209,12,"1 2 4 8 16 31 7 11 21 13 3 23","6 19 26 24 26 19 6 0 0 1",FALSE
210,12,"1 2 4 8 16 31 7 11 21 13 17 5","6 19 26 24 26 19 6 0 0 1",FALSE
211,12,"1 2 4 8 16 31 7 11 13 14 17 3","6 20 26 22 26 19 6 2 0 0",FALSE
212,12,"1 2 4 8 16 31 7 11 21 13 3 6","6 20 26 22 26 19 6 2 0 0",FALSE
213,12,"1 2 4 8 16 15 19 21 9 31 3 6","7 15 27 33 21 12 9 3 0 0",FALSE
214,12,"1 2 4 8 16 15 19 21 9 31 3 17","7 15 27 33 21 12 9 3 0 0",FALSE
215,12,"1 2 4 8 16 15 19 21 9 31 3 10","7 16 26 30 24 15 6 2 1 0",FALSE
216,12,"1 2 4 8 16 15 19 21 25 3 5 10","7 16 26 30 24 15 6 2 1 0",FALSE
217,12,"1 2 4 8 16 15 19 21 25 3 29 12","7 16 26 30 24 15 6 2 1 0",FALSE
218,12,"1 2 4 8 16 15 19 21 25 7 9 6","7 16 26 30 24 15 6 2 1 0",FALSE
219,12,"1 2 4 8 16 15 19 21 25 30 3 17","7 16 26 30 24 15 6 2 1 0",FALSE
220,12,"1 2 4 8 16 31 7 11 13 18 20 3","7 16 26 30 24 15 6 2 1 0",FALSE
221,12,"1 2 4 8 16 15 19 21 25 3 5 7","7 17 27 27 21 18 9 1 0 0",FALSE
222,12,"1 2 4 8 16 31 7 11 13 18 20 9","7 17 27 27 21 18 9 1 0 0",FALSE
223,12,"1 2 4 8 16 31 7 11 21 13 20 5","7 18 22 28 32 13 2 4 1 0",FALSE
224,12,"1 2 4 8 16 15 19 21 25 3 5 6","7 18 26 24 24 21 6 0 1 0",FALSE
225,12,"1 2 4 8 16 15 19 21 25 7 3 18","7 18 26 24 24 21 6 0 1 0",FALSE
226,12,"1 2 4 8 16 31 7 11 21 13 3 5","7 19 23 25 29 16 5 3 0 0",FALSE
227,12,"1 2 4 8 16 31 7 11 13 14 17 15","7 20 22 22 32 19 2 2 1 0",FALSE
228,12,"1 2 4 8 16 15 19 5 24 13 3 23","8 14 24 36 24 9 8 4 0 0",FALSE
229,12,"1 2 4 8 16 15 19 21 9 31 6 17","8 14 24 36 24 9 8 4 0 0",FALSE
230,12,"1 2 4 8 16 15 19 21 9 3 28 6","8 15 23 33 27 12 5 3 1 0",FALSE
231,12,"1 2 4 8 16 7 11 19 5 24 6 27","8 15 24 32 24 15 8 0 0 1",FALSE
232,12,"1 2 4 8 16 7 11 19 5 24 9 20","8 15 24 32 24 15 8 0 0 1",FALSE
233,12,"1 2 4 8 16 15 19 21 9 23 3 11","8 15 24 32 24 15 8 0 0 1",FALSE
234,12,"1 2 4 8 16 15 19 21 25 3 29 17","8 15 24 32 24 15 8 0 0 1",FALSE
235,12,"1 2 4 8 16 15 19 21 9 23 3 6","8 16 24 30 24 15 8 2 0 0",FALSE
236,12,"1 2 4 8 16 15 19 21 9 23 3 17","8 16 24 30 24 15 8 2 0 0",FALSE
237,12,"1 2 4 8 16 15 19 21 25 3 5 17","8 16 24 30 24 15 8 2 0 0",FALSE
238,12,"1 2 4 8 16 15 19 21 25 7 3 17","8 16 24 30 24 15 8 2 0 0",FALSE
239,12,"1 2 4 8 16 31 7 11 13 18 3 12","8 16 24 30 24 15 8 2 0 0",FALSE
240,12,"1 2 4 8 16 31 7 11 21 6 10 15","8 16 24 30 24 15 8 2 0 0",FALSE
241,12,"1 2 4 8 16 31 7 11 13 18 20 6","8 17 23 27 27 18 5 1 1 0",FALSE
242,12,"1 2 4 8 16 31 7 11 21 6 10 5","8 17 23 27 27 18 5 1 1 0",FALSE
243,12,"1 2 4 8 16 31 7 11 13 18 5 10","8 18 24 24 24 21 8 0 0 0",FALSE
244,12,"1 2 4 8 16 31 7 11 21 13 5 10","8 20 20 22 32 19 4 2 0 0",FALSE
245,12,"1 2 4 8 16 31 7 11 13 14 3 5","8 22 24 20 24 17 8 4 0 0",FALSE
246,12,"1 2 4 8 16 31 7 11 13 14 3 12","8 23 24 16 24 23 8 0 0 1",FALSE
247,12,"1 2 4 8 16 15 19 21 25 3 12 17","9 14 20 36 30 9 4 4 1 0",FALSE
248,12,"1 2 4 8 16 15 19 5 24 13 3 7","9 15 21 33 27 12 7 3 0 0",FALSE
249,12,"1 2 4 8 16 15 19 5 24 13 3 11","9 15 21 33 27 12 7 3 0 0",FALSE
250,12,"1 2 4 8 16 7 11 19 5 24 9 12","9 16 20 30 30 15 4 2 1 0",FALSE
251,12,"1 2 4 8 16 31 7 11 13 18 3 15","9 16 20 30 30 15 4 2 1 0",FALSE
252,12,"1 2 4 8 16 31 7 11 13 18 5 15","9 17 21 27 27 18 7 1 0 0",FALSE
253,12,"1 2 4 8 16 31 7 11 21 6 3 5","9 17 21 27 27 18 7 1 0 0",FALSE
254,12,"1 2 4 8 16 15 19 21 25 3 18 17","9 18 20 24 30 21 4 0 1 0",FALSE
255,12,"1 2 4 8 16 15 19 21 3 5 23 17","9 19 25 25 19 16 11 3 0 0",FALSE
256,12,"1 2 4 8 16 15 19 21 3 5 23 6","9 20 24 22 22 19 8 2 1 0",FALSE
257,12,"1 2 4 8 16 15 19 21 22 7 3 5","9 20 24 22 22 19 8 2 1 0",FALSE
258,12,"1 2 4 8 16 31 7 11 13 14 3 15","9 22 20 20 30 17 4 4 1 0",FALSE
259,12,"1 2 4 8 16 7 11 19 5 24 9 3","10 16 18 30 30 15 6 2 0 0",FALSE
260,12,"1 2 4 8 16 15 19 21 9 23 6 17","10 16 18 30 30 15 6 2 0 0",FALSE
261,12,"1 2 4 8 16 31 7 11 21 3 20 23","10 18 18 24 30 21 6 0 0 0",FALSE
262,12,"1 2 4 8 16 15 19 21 7 17 3 5","10 18 22 28 22 13 10 4 0 0",FALSE
263,12,"1 2 4 8 16 31 7 11 5 9 3 12","10 18 22 28 22 13 10 4 0 0",FALSE
264,12,"1 2 4 8 16 31 7 11 13 3 5 6","10 19 21 25 25 16 7 3 1 0",FALSE
265,12,"1 2 4 8 16 31 7 11 13 3 5 15","10 19 21 25 25 16 7 3 1 0",FALSE
266,12,"1 2 4 8 16 15 19 21 3 5 23 7","10 19 22 24 22 19 10 0 0 1",FALSE
267,12,"1 2 4 8 16 15 19 21 22 3 5 6","10 19 22 24 22 19 10 0 0 1",FALSE
268,12,"1 2 4 8 16 7 11 19 5 24 6 3","11 16 14 30 36 15 2 2 1 0",FALSE
269,12,"1 2 4 8 16 15 19 21 7 17 3 18","11 18 18 28 28 13 6 4 1 0",FALSE
270,12,"1 2 4 8 16 31 7 11 5 10 3 15","11 18 18 28 28 13 6 4 1 0",FALSE
271,12,"1 2 4 8 16 15 19 21 3 5 6 7","11 19 19 25 25 16 9 3 0 0",FALSE
272,12,"1 2 4 8 16 31 7 11 13 3 12 15","11 20 18 22 28 19 6 2 1 0",FALSE
273,12,"1 2 4 8 16 7 11 13 14 3 5 9","12 26 28 24 20 13 4 0 0 0",FALSE
274,12,"1 2 4 8 16 7 11 5 9 15 3 6","13 25 25 27 23 10 3 1 0 0",FALSE
275,12,"1 2 4 8 16 7 11 13 14 3 5 6","13 26 24 24 26 13 0 0 1 0",FALSE
276,12,"4 5 6 7 8 9 10 11 12 13 14 15","16 39 48 48 48 39 16 0 0 1",FALSE
277,12,"3 5 6 7 8 9 10 11 12 13 14 15","17 38 44 52 54 33 12 4 1 0",FALSE
278,13,"1 2 4 8 16 31 7 11 21 25 13 14 19","0 55 0 96 0 87 0 16 0 1 0",FALSE
279,13,"1 2 4 8 16 31 7 11 21 25 13 14 17","4 38 32 52 56 33 32 4 4 0 0",FALSE
280,13,"1 2 4 8 16 31 7 11 21 25 13 14 3","4 38 33 52 52 33 38 4 0 0 1",FALSE
281,13,"1 2 4 8 16 31 7 11 21 13 14 26 3","4 39 32 48 56 39 32 0 4 1 0",FALSE
282,13,"1 2 4 8 16 31 7 11 21 25 13 14 5","5 38 28 52 62 33 28 4 5 0 0",FALSE
283,13,"1 2 4 8 16 15 19 21 25 30 3 5 23","6 28 51 42 42 51 28 6 0 0 1",FALSE
284,13,"1 2 4 8 16 31 7 11 21 25 13 3 17","6 29 46 46 50 41 26 10 0 1 0",FALSE
285,13,"1 2 4 8 16 31 7 11 21 13 14 17 18","6 30 44 44 56 41 20 12 2 0 0",FALSE
286,13,"1 2 4 8 16 31 7 11 21 13 14 17 20","6 31 44 40 56 47 20 8 2 1 0",FALSE
287,13,"1 2 4 8 16 31 7 11 21 13 14 26 5","6 39 24 48 68 39 24 0 6 1 0",FALSE
288,13,"1 2 4 8 16 15 19 21 25 30 3 5 10","7 26 48 48 46 45 24 8 3 0 0",FALSE
289,13,"1 2 4 8 16 31 7 11 21 25 13 3 18","7 28 42 50 56 35 22 14 1 0 0",FALSE
290,13,"1 2 4 8 16 15 19 21 25 30 3 5 6","7 28 46 42 52 51 18 6 5 0 0",FALSE
291,13,"1 2 4 8 16 31 7 11 21 13 14 17 3","7 29 42 46 56 41 22 10 1 1 0",FALSE
292,13,"1 2 4 8 16 31 7 11 21 25 13 3 5","7 29 42 46 56 41 22 10 1 1 0",FALSE
293,13,"1 2 4 8 16 15 19 21 25 3 29 5 27","8 23 48 56 40 39 32 8 0 1 0",FALSE
294,13,"1 2 4 8 16 31 7 11 21 13 17 3 24","8 24 46 54 46 39 26 10 2 0 0",FALSE
295,13,"1 2 4 8 16 15 19 21 25 30 3 5 7","8 25 46 50 46 45 26 6 2 1 0",FALSE
296,13,"1 2 4 8 16 31 7 11 21 13 17 3 23","8 25 46 50 46 45 26 6 2 1 0",FALSE
297,13,"1 2 4 8 16 31 7 11 13 14 17 18 5","8 26 44 48 52 45 20 8 4 0 0",FALSE
298,13,"1 2 4 8 16 31 7 11 21 13 17 3 9","8 26 44 48 52 45 20 8 4 0 0",FALSE
299,13,"1 2 4 8 16 31 7 11 13 14 17 18 12","8 26 45 48 48 45 26 8 0 0 1",FALSE
300,13,"1 2 4 8 16 31 7 11 21 13 17 3 6","8 26 45 48 48 45 26 8 0 0 1",FALSE
301,13,"1 2 4 8 16 15 19 21 25 30 3 18 7","8 27 44 44 52 51 20 4 4 1 0",FALSE
302,13,"1 2 4 8 16 31 7 11 21 25 13 5 6","8 28 38 50 62 35 18 14 2 0 0",FALSE
303,13,"1 2 4 8 16 31 7 11 21 13 14 17 5","8 29 38 46 62 41 18 10 2 1 0",FALSE
304,13,"1 2 4 8 16 31 7 11 21 25 13 5 9","8 29 38 46 62 41 18 10 2 1 0",FALSE
305,13,"1 2 4 8 16 31 7 11 21 13 14 3 6","8 31 40 40 56 47 24 8 0 1 0",FALSE
306,13,"1 2 4 8 16 15 19 21 25 3 29 5 10","9 22 44 60 46 33 28 12 1 0 0",FALSE
307,13,"1 2 4 8 16 15 19 21 25 3 29 5 7","9 23 44 56 46 39 28 8 1 1 0",FALSE
308,13,"1 2 4 8 16 15 19 21 25 3 29 5 6","9 24 42 54 52 39 22 10 3 0 0",FALSE
309,13,"1 2 4 8 16 15 19 21 25 3 29 5 12","9 24 42 54 52 39 22 10 3 0 0",FALSE
310,13,"1 2 4 8 16 15 19 21 25 7 9 3 20","9 24 42 54 52 39 22 10 3 0 0",FALSE
311,13,"1 2 4 8 16 15 19 21 25 30 3 5 17","9 24 42 54 52 39 22 10 3 0 0",FALSE
312,13,"1 2 4 8 16 31 7 11 21 13 3 18 20","9 24 42 54 52 39 22 10 3 0 0",FALSE
313,13,"1 2 4 8 16 31 7 11 21 13 17 3 10","9 24 42 54 52 39 22 10 3 0 0",FALSE
314,13,"1 2 4 8 16 31 7 11 21 13 17 3 18","9 24 42 54 52 39 22 10 3 0 0",FALSE
315,13,"1 2 4 8 16 31 7 11 21 13 17 20 10","9 24 42 54 52 39 22 10 3 0 0",FALSE
316,13,"1 2 4 8 16 31 7 11 21 25 3 17 23","9 24 42 54 52 39 22 10 3 0 0",FALSE
317,13,"1 2 4 8 16 15 19 21 25 7 9 3 5","9 25 42 50 52 45 22 6 3 1 0",FALSE
318,13,"1 2 4 8 16 31 7 11 21 13 17 3 5","9 25 42 50 52 45 22 6 3 1 0",FALSE
319,13,"1 2 4 8 16 31 7 11 13 14 17 18 3","9 26 40 48 58 45 16 8 5 0 0",FALSE
320,13,"1 2 4 8 16 31 7 11 21 13 20 3 6","9 26 40 48 58 45 16 8 5 0 0",FALSE
321,13,"1 2 4 8 16 15 19 21 25 3 5 23 6","9 28 42 42 52 51 22 6 3 0 0",FALSE
322,13,"1 2 4 8 16 31 7 11 21 13 14 3 5","9 30 36 44 62 41 20 12 1 0 0",FALSE
323,13,"1 2 4 8 16 15 19 21 9 31 3 6 11","10 22 40 60 52 33 24 12 2 0 0",FALSE
324,13,"1 2 4 8 16 15 19 21 9 31 3 6 23","10 22 40 60 52 33 24 12 2 0 0",FALSE
325,13,"1 2 4 8 16 15 19 21 9 31 3 6 10","10 23 40 56 52 39 24 8 2 1 0",FALSE
326,13,"1 2 4 8 16 15 19 21 25 3 5 10 12","10 23 40 56 52 39 24 8 2 1 0",FALSE
327,13,"1 2 4 8 16 15 19 21 25 3 29 5 17","10 23 40 56 52 39 24 8 2 1 0",FALSE
328,13,"1 2 4 8 16 15 19 21 25 3 29 12 18","10 23 40 56 52 39 24 8 2 1 0",FALSE
329,13,"1 2 4 8 16 15 19 21 25 7 9 3 6","10 23 40 56 52 39 24 8 2 1 0",FALSE
330,13,"1 2 4 8 16 15 19 21 25 7 9 23 6","10 23 40 56 52 39 24 8 2 1 0",FALSE
331,13,"1 2 4 8 16 15 19 21 25 30 3 7 17","10 23 40 56 52 39 24 8 2 1 0",FALSE
332,13,"1 2 4 8 16 31 7 11 13 18 20 3 5","10 23 40 56 52 39 24 8 2 1 0",FALSE
333,13,"1 2 4 8 16 31 7 11 21 13 3 18 10","10 24 38 54 58 39 18 10 4 0 0",FALSE
334,13,"1 2 4 8 16 31 7 11 21 13 20 3 5","10 24 38 54 58 39 18 10 4 0 0",FALSE
335,13,"1 2 4 8 16 31 7 11 21 13 3 18 5","10 24 39 54 54 39 24 10 0 0 1",FALSE
336,13,"1 2 4 8 16 31 7 11 21 13 17 10 15","10 24 39 54 54 39 24 10 0 0 1",FALSE
337,13,"1 2 4 8 16 31 7 11 21 25 3 5 6","10 24 39 54 54 39 24 10 0 0 1",FALSE
338,13,"1 2 4 8 16 31 7 11 21 25 3 17 18","10 24 39 54 54 39 24 10 0 0 1",FALSE
339,13,"1 2 4 8 16 31 7 11 21 13 3 23 5","10 25 38 50 58 45 18 6 4 1 0",FALSE
340,13,"1 2 4 8 16 31 7 11 21 13 17 10 5","10 25 38 50 58 45 18 6 4 1 0",FALSE
341,13,"1 2 4 8 16 31 7 11 21 13 17 20 5","10 25 38 50 58 45 18 6 4 1 0",FALSE
342,13,"1 2 4 8 16 31 7 11 21 13 20 3 23","10 25 38 50 58 45 18 6 4 1 0",FALSE
343,13,"1 2 4 8 16 15 19 21 25 3 5 23 7","10 25 42 50 46 45 30 6 0 1 0",FALSE
344,13,"1 2 4 8 16 31 7 11 13 14 17 3 5","10 26 40 48 52 45 24 8 2 0 0",FALSE
345,13,"1 2 4 8 16 31 7 11 21 13 3 6 10","10 26 40 48 52 45 24 8 2 0 0",FALSE
346,13,"1 2 4 8 16 15 19 21 25 30 3 18 17","10 27 36 44 64 51 12 4 6 1 0",FALSE
347,13,"1 2 4 8 16 31 7 11 13 14 17 3 12","10 27 40 44 52 51 24 4 2 1 0",FALSE
348,13,"1 2 4 8 16 31 7 11 21 13 14 5 10","10 31 32 40 68 47 16 8 2 1 0",FALSE
349,13,"1 2 4 8 16 15 19 5 24 13 3 23 11","11 22 36 60 58 33 20 12 3 0 0",FALSE
350,13,"1 2 4 8 16 15 19 21 25 3 5 10 17","11 22 36 60 58 33 20 12 3 0 0",FALSE
351,13,"1 2 4 8 16 15 19 21 25 7 9 6 17","11 22 36 60 58 33 20 12 3 0 0",FALSE
352,13,"1 2 4 8 16 15 19 21 9 31 3 10 11","11 23 36 56 58 39 20 8 3 1 0",FALSE
353,13,"1 2 4 8 16 31 7 11 13 18 20 3 6","11 23 36 56 58 39 20 8 3 1 0",FALSE
354,13,"1 2 4 8 16 31 7 11 21 13 20 5 10","11 24 34 54 64 39 14 10 5 0 0",FALSE
355,13,"1 2 4 8 16 15 19 21 9 23 3 6 20","11 24 38 54 52 39 26 10 1 0 0",FALSE
356,13,"1 2 4 8 16 15 19 21 25 3 5 6 17","11 24 38 54 52 39 26 10 1 0 0",FALSE
357,13,"1 2 4 8 16 15 19 21 25 3 5 7 17","11 24 38 54 52 39 26 10 1 0 0",FALSE
358,13,"1 2 4 8 16 15 19 21 25 3 5 7 6","11 25 38 50 52 45 26 6 1 1 0",FALSE
359,13,"1 2 4 8 16 31 7 11 13 18 20 9 6","11 25 38 50 52 45 26 6 1 1 0",FALSE
360,13,"1 2 4 8 16 31 7 11 13 14 17 3 15","11 26 36 48 58 45 20 8 3 0 0",FALSE
361,13,"1 2 4 8 16 31 7 11 21 13 3 5 10","11 26 36 48 58 45 20 8 3 0 0",FALSE
362,13,"1 2 4 8 16 31 7 11 21 13 3 6 5","11 26 36 48 58 45 20 8 3 0 0",FALSE
363,13,"1 2 4 8 16 15 19 5 24 13 3 23 7","12 22 33 60 60 33 22 12 0 0 1",FALSE
364,13,"1 2 4 8 16 15 19 21 9 31 6 17 23","12 22 33 60 60 33 22 12 0 0 1",FALSE
365,13,"1 2 4 8 16 7 11 19 5 24 9 20 3","12 23 32 56 64 39 16 8 4 1 0",FALSE
366,13,"1 2 4 8 16 15 19 21 25 3 29 12 17","12 23 32 56 64 39 16 8 4 1 0",FALSE
367,13,"1 2 4 8 16 15 19 21 9 23 3 6 7","12 24 34 54 58 39 22 10 2 0 0",FALSE
368,13,"1 2 4 8 16 15 19 21 9 23 3 6 17","12 24 34 54 58 39 22 10 2 0 0",FALSE
369,13,"1 2 4 8 16 31 7 11 13 18 20 6 15","12 24 34 54 58 39 22 10 2 0 0",FALSE
370,13,"1 2 4 8 16 15 19 21 25 7 3 18 17","12 25 34 50 58 45 22 6 2 1 0",FALSE
371,13,"1 2 4 8 16 31 7 11 21 6 10 15 5","12 25 34 50 58 45 22 6 2 1 0",FALSE
372,13,"1 2 4 8 16 31 7 11 13 14 3 5 9","12 30 41 44 44 41 30 12 0 0 1",FALSE
373,13,"1 2 4 8 16 31 7 11 13 14 3 5 10","12 31 40 40 48 47 24 8 4 1 0",FALSE
374,13,"1 2 4 8 16 7 11 19 5 24 9 12 3","13 24 30 54 64 39 18 10 3 0 0",FALSE
375,13,"1 2 4 8 16 31 7 11 13 18 3 12 15","13 24 30 54 64 39 18 10 3 0 0",FALSE
376,13,"1 2 4 8 16 31 7 11 13 18 5 10 15","13 26 32 48 58 45 24 8 1 0 0",FALSE
377,13,"1 2 4 8 16 31 7 11 21 13 5 10 15","13 28 30 42 64 51 18 6 3 0 0",FALSE
378,13,"1 2 4 8 16 15 19 21 3 5 23 17 6","13 29 38 46 48 41 26 10 3 1 0",FALSE
379,13,"1 2 4 8 16 15 19 21 3 5 23 17 7","13 29 38 46 48 41 26 10 3 1 0",FALSE
380,13,"1 2 4 8 16 31 7 11 13 14 3 5 6","13 30 36 44 54 41 20 12 5 0 0",FALSE
381,13,"1 2 4 8 16 31 7 11 13 14 3 5 15","13 30 36 44 54 41 20 12 5 0 0",FALSE
382,13,"1 2 4 8 16 7 11 19 5 24 6 27 3","14 23 24 56 76 39 8 8 6 1 0",FALSE
383,13,"1 2 4 8 16 15 19 21 7 17 3 5 18","14 28 34 50 54 35 22 14 4 0 0",FALSE
384,13,"1 2 4 8 16 15 19 21 7 17 3 5 6","14 28 35 50 50 35 28 14 0 0 1",FALSE
385,13,"1 2 4 8 16 15 19 21 3 5 23 6 7","14 29 34 46 54 41 22 10 4 1 0",FALSE
386,13,"1 2 4 8 16 15 19 21 22 7 3 5 6","14 29 34 46 54 41 22 10 4 1 0",FALSE
387,13,"1 2 4 8 16 31 7 11 13 14 3 12 15","14 31 32 40 60 47 16 8 6 1 0",FALSE
388,13,"1 2 4 8 16 7 11 13 14 3 5 9 15","16 39 48 48 48 39 16 0 0 1 0",FALSE
389,13,"1 2 4 8 16 7 11 13 14 3 5 9 6","17 38 44 52 54 33 12 4 1 0 0",FALSE
390,13,"3 4 5 6 7 8 9 10 11 12 13 14 15","22 55 72 96 116 87 40 16 6 1 0",FALSE
391,14,"1 2 4 8 16 31 7 11 21 25 13 14 19 22","0 77 0 168 0 203 0 56 0 7 0 0",FALSE
392,14,"1 2 4 8 16 31 7 11 21 25 13 14 19 3","5 55 45 96 106 87 82 16 17 1 1 0",FALSE
393,14,"1 2 4 8 16 31 7 11 21 25 13 14 19 6","6 55 40 96 116 87 72 16 22 1 0 0",FALSE
394,14,"1 2 4 8 16 31 7 11 21 25 13 14 17 18","8 42 64 85 112 85 64 42 8 0 0 1",FALSE
395,14,"1 2 4 8 16 31 7 11 21 25 13 14 17 3","8 42 65 84 108 89 70 36 4 4 1 0",FALSE
396,14,"1 2 4 8 16 31 7 11 21 13 14 26 3 17","8 43 64 80 112 95 64 32 8 5 0 0",FALSE
397,14,"1 2 4 8 16 31 7 11 21 25 13 14 17 20","8 43 64 80 112 95 64 32 8 5 0 0",FALSE
398,14,"1 2 4 8 16 31 7 11 21 13 14 26 3 6","8 45 64 72 112 107 64 24 8 7 0 0",FALSE
399,14,"1 2 4 8 16 15 19 21 25 30 3 5 23 9","9 37 73 84 94 103 70 28 9 3 1 0",FALSE
400,14,"1 2 4 8 16 31 7 11 21 13 14 17 18 20","9 39 69 80 106 103 58 32 13 1 1 0",FALSE
401,14,"1 2 4 8 16 15 19 21 25 30 3 5 23 6","9 41 69 72 106 115 58 24 13 3 1 0",FALSE
402,14,"1 2 4 8 16 31 7 11 21 25 13 14 17 5","9 42 60 84 118 89 60 36 9 4 0 0",FALSE
403,14,"1 2 4 8 16 31 7 11 21 25 13 14 3 5","9 43 61 80 114 95 66 32 5 5 1 0",FALSE
404,14,"1 2 4 8 16 15 19 21 25 30 3 5 10 29","10 34 72 93 92 93 72 34 10 0 0 1",FALSE
405,14,"1 2 4 8 16 15 19 21 25 30 3 5 10 12","10 35 72 88 92 103 72 24 10 5 0 0",FALSE
406,14,"1 2 4 8 16 31 7 11 21 13 14 17 18 6","10 36 69 88 100 97 66 32 10 2 1 0",FALSE
407,14,"1 2 4 8 16 31 7 11 21 25 13 3 17 6","10 36 69 88 100 97 66 32 10 2 1 0",FALSE
408,14,"1 2 4 8 16 31 7 11 21 13 14 17 20 3","10 37 68 84 104 103 60 28 14 3 0 0",FALSE
409,14,"1 2 4 8 16 31 7 11 21 25 13 3 17 5","10 37 68 84 104 103 60 28 14 3 0 0",FALSE
410,14,"1 2 4 8 16 31 7 11 21 25 13 14 5 6","10 42 56 85 124 85 56 42 10 0 0 1",FALSE
411,14,"1 2 4 8 16 31 7 11 21 13 14 26 3 5","10 43 56 80 124 95 56 32 10 5 0 0",FALSE
412,14,"1 2 4 8 16 31 7 11 21 25 13 14 5 9","10 43 56 80 124 95 56 32 10 5 0 0",FALSE
413,14,"1 2 4 8 16 15 19 21 25 3 29 5 27 7","11 33 69 96 94 91 74 32 7 3 1 0",FALSE
414,14,"1 2 4 8 16 15 19 21 25 30 3 5 10 7","11 34 68 92 98 97 68 28 11 4 0 0",FALSE
415,14,"1 2 4 8 16 31 7 11 21 13 17 3 24 12","11 34 68 92 98 97 68 28 11 4 0 0",FALSE
416,14,"1 2 4 8 16 31 7 11 21 25 13 3 17 18","11 35 65 92 106 91 62 36 11 1 1 0",FALSE
417,14,"1 2 4 8 16 31 7 11 21 25 13 3 18 5","11 35 65 92 106 91 62 36 11 1 1 0",FALSE
418,14,"1 2 4 8 16 31 7 11 21 25 13 3 18 20","11 35 65 92 106 91 62 36 11 1 1 0",FALSE
419,14,"1 2 4 8 16 15 19 21 25 30 3 5 23 7","11 35 69 88 94 103 74 24 7 5 1 0",FALSE
420,14,"1 2 4 8 16 31 7 11 21 13 14 17 18 3","11 36 64 88 110 97 56 32 15 2 0 0",FALSE
421,14,"1 2 4 8 16 31 7 11 21 13 14 17 18 5","11 36 64 88 110 97 56 32 15 2 0 0",FALSE
422,14,"1 2 4 8 16 31 7 11 21 25 13 3 18 6","11 36 64 88 110 97 56 32 15 2 0 0",FALSE
423,14,"1 2 4 8 16 31 7 11 21 13 14 17 3 6","11 37 65 84 106 103 62 28 11 3 1 0",FALSE
424,14,"1 2 4 8 16 31 7 11 21 13 14 17 20 10","11 37 65 84 106 103 62 28 11 3 1 0",FALSE
425,14,"1 2 4 8 16 31 7 11 21 25 13 3 5 9","11 37 65 84 106 103 62 28 11 3 1 0",FALSE
426,14,"1 2 4 8 16 31 7 11 21 13 17 3 24 15","12 32 65 100 100 85 70 36 8 2 1 0",FALSE
427,14,"1 2 4 8 16 15 19 21 25 3 29 5 10 12","12 33 64 96 104 91 64 32 12 3 0 0",FALSE
428,14,"1 2 4 8 16 15 19 21 25 3 29 5 12 18","12 33 64 96 104 91 64 32 12 3 0 0",FALSE
429,14,"1 2 4 8 16 15 19 21 25 3 29 5 27 6","12 33 64 96 104 91 64 32 12 3 0 0",FALSE
430,14,"1 2 4 8 16 15 19 21 25 30 3 5 10 17","12 33 64 96 104 91 64 32 12 3 0 0",FALSE
431,14,"1 2 4 8 16 31 7 11 21 13 17 3 23 10","12 33 64 96 104 91 64 32 12 3 0 0",FALSE
432,14,"1 2 4 8 16 31 7 11 21 13 17 3 24 5","12 33 64 96 104 91 64 32 12 3 0 0",FALSE
433,14,"1 2 4 8 16 31 7 11 21 13 17 3 24 9","12 33 64 96 104 91 64 32 12 3 0 0",FALSE
434,14,"1 2 4 8 16 31 7 11 21 13 17 3 24 10","12 33 64 96 104 91 64 32 12 3 0 0",FALSE
435,14,"1 2 4 8 16 31 7 11 21 25 3 17 23 27","12 33 64 96 104 91 64 32 12 3 0 0",FALSE
436,14,"1 2 4 8 16 15 19 21 25 3 29 5 6 18","12 34 64 93 104 93 64 34 12 0 0 1",FALSE
437,14,"1 2 4 8 16 15 19 21 25 30 3 5 6 17","12 34 64 93 104 93 64 34 12 0 0 1",FALSE
438,14,"1 2 4 8 16 31 7 11 13 14 17 18 5 9","12 34 64 93 104 93 64 34 12 0 0 1",FALSE
439,14,"1 2 4 8 16 31 7 11 21 13 17 3 9 15","12 34 64 93 104 93 64 34 12 0 0 1",FALSE
440,14,"1 2 4 8 16 31 7 11 13 14 17 18 5 12","12 34 65 92 100 97 70 28 8 4 1 0",FALSE
441,14,"1 2 4 8 16 31 7 11 21 13 17 3 23 6","12 34 65 92 100 97 70 28 8 4 1 0",FALSE
442,14,"1 2 4 8 16 31 7 11 21 25 13 5 6 18","12 35 60 92 116 91 52 36 16 1 0 0",FALSE
443,14,"1 2 4 8 16 15 19 21 25 30 3 5 6 7","12 35 64 88 104 103 64 24 12 5 0 0",FALSE
444,14,"1 2 4 8 16 15 19 21 25 30 3 5 7 22","12 35 64 88 104 103 64 24 12 5 0 0",FALSE
445,14,"1 2 4 8 16 31 7 11 13 14 17 18 5 6","12 35 64 88 104 103 64 24 12 5 0 0",FALSE
446,14,"1 2 4 8 16 31 7 11 21 13 17 3 23 5","12 35 64 88 104 103 64 24 12 5 0 0",FALSE
447,14,"1 2 4 8 16 31 7 11 21 13 17 3 23 20","12 35 64 88 104 103 64 24 12 5 0 0",FALSE
448,14,"1 2 4 8 16 31 7 11 21 13 14 17 3 5","12 36 61 88 112 97 58 32 12 2 1 0",FALSE
449,14,"1 2 4 8 16 31 7 11 21 25 13 3 5 6","12 36 61 88 112 97 58 32 12 2 1 0",FALSE
450,14,"1 2 4 8 16 31 7 11 21 25 13 5 6 9","12 36 61 88 112 97 58 32 12 2 1 0",FALSE
451,14,"1 2 4 8 16 31 7 11 21 13 14 17 20 5","12 37 60 84 116 103 52 28 16 3 0 0",FALSE
452,14,"1 2 4 8 16 31 7 11 21 25 13 5 9 15","12 37 60 84 116 103 52 28 16 3 0 0",FALSE
453,14,"1 2 4 8 16 15 19 21 25 30 3 18 7 22","12 37 64 80 104 115 64 16 12 7 0 0",FALSE
454,14,"1 2 4 8 16 31 7 11 21 13 14 3 6 9","12 41 64 72 104 115 64 24 12 3 0 0",FALSE
455,14,"1 2 4 8 16 31 7 11 21 13 14 26 5 10","12 45 48 72 136 107 48 24 12 7 0 0",FALSE
456,14,"1 2 4 8 16 15 19 21 25 3 29 5 10 17","13 31 61 104 106 79 66 40 9 1 1 0",FALSE
457,14,"1 2 4 8 16 31 7 11 21 13 3 18 20 10","13 32 60 100 110 85 60 36 13 2 0 0",FALSE
458,14,"1 2 4 8 16 31 7 11 21 13 17 3 10 18","13 32 60 100 110 85 60 36 13 2 0 0",FALSE
459,14,"1 2 4 8 16 15 19 21 25 3 29 5 6 17","13 33 61 96 106 91 66 32 9 3 1 0",FALSE
460,14,"1 2 4 8 16 15 19 21 25 3 29 5 7 6","13 33 61 96 106 91 66 32 9 3 1 0",FALSE
461,14,"1 2 4 8 16 15 19 21 25 3 29 5 7 17","13 33 61 96 106 91 66 32 9 3 1 0",FALSE
462,14,"1 2 4 8 16 15 19 21 25 7 9 3 20 6","13 33 61 96 106 91 66 32 9 3 1 0",FALSE
463,14,"1 2 4 8 16 15 19 21 25 30 3 5 7 17","13 33 61 96 106 91 66 32 9 3 1 0",FALSE
464,14,"1 2 4 8 16 31 7 11 21 13 3 18 20 5","13 33 61 96 106 91 66 32 9 3 1 0",FALSE
465,14,"1 2 4 8 16 31 7 11 21 13 17 3 10 15","13 33 61 96 106 91 66 32 9 3 1 0",FALSE
466,14,"1 2 4 8 16 31 7 11 21 13 17 3 18 5","13 33 61 96 106 91 66 32 9 3 1 0",FALSE
467,14,"1 2 4 8 16 31 7 11 21 13 17 20 10 15","13 33 61 96 106 91 66 32 9 3 1 0",FALSE
468,14,"1 2 4 8 16 31 7 11 13 14 17 18 5 3","13 34 60 92 110 97 60 28 13 4 0 0",FALSE
469,14,"1 2 4 8 16 31 7 11 21 13 3 18 20 6","13 34 60 92 110 97 60 28 13 4 0 0",FALSE
470,14,"1 2 4 8 16 31 7 11 21 13 17 3 9 10","13 34 60 92 110 97 60 28 13 4 0 0",FALSE
471,14,"1 2 4 8 16 31 7 11 21 13 17 3 10 5","13 34 60 92 110 97 60 28 13 4 0 0",FALSE
472,14,"1 2 4 8 16 31 7 11 13 14 17 18 12 3","13 35 61 88 106 103 66 24 9 5 1 0",FALSE
473,14,"1 2 4 8 16 31 7 11 21 13 17 3 6 5","13 35 61 88 106 103 66 24 9 5 1 0",FALSE
474,14,"1 2 4 8 16 31 7 11 21 13 14 17 5 10","13 37 57 84 118 103 54 28 13 3 1 0",FALSE
475,14,"1 2 4 8 16 31 7 11 21 25 13 5 9 12","13 37 57 84 118 103 54 28 13 3 1 0",FALSE
476,14,"1 2 4 8 16 31 7 11 21 13 14 3 6 10","13 39 61 80 106 103 66 32 9 1 1 0",FALSE
477,14,"1 2 4 8 16 15 19 21 25 3 5 10 12 17","14 31 56 104 116 79 56 40 14 1 0 0",FALSE
478,14,"1 2 4 8 16 15 19 21 9 31 3 6 11 10","14 32 57 100 112 85 62 36 10 2 1 0",FALSE
479,14,"1 2 4 8 16 15 19 21 9 31 3 6 23 7","14 32 57 100 112 85 62 36 10 2 1 0",FALSE
480,14,"1 2 4 8 16 15 19 21 25 3 29 5 12 17","14 33 56 96 116 91 56 32 14 3 0 0",FALSE
481,14,"1 2 4 8 16 31 7 11 13 18 20 3 5 15","14 33 56 96 116 91 56 32 14 3 0 0",FALSE
482,14,"1 2 4 8 16 31 7 11 21 13 17 20 10 5","14 33 56 96 116 91 56 32 14 3 0 0",FALSE
483,14,"1 2 4 8 16 31 7 11 21 13 20 3 5 23","14 33 56 96 116 91 56 32 14 3 0 0",FALSE
484,14,"1 2 4 8 16 31 7 11 13 14 17 18 3 15","14 34 56 93 116 93 56 34 14 0 0 1",FALSE
485,14,"1 2 4 8 16 31 7 11 21 13 3 18 10 15","14 34 56 93 116 93 56 34 14 0 0 1",FALSE
486,14,"1 2 4 8 16 31 7 11 21 13 20 3 6 5","14 34 56 93 116 93 56 34 14 0 0 1",FALSE
487,14,"1 2 4 8 16 15 19 21 9 31 3 6 10 5","14 34 57 92 112 97 62 28 10 4 1 0",FALSE
488,14,"1 2 4 8 16 15 19 21 25 7 9 3 5 6","14 34 57 92 112 97 62 28 10 4 1 0",FALSE
489,14,"1 2 4 8 16 15 19 21 25 3 5 10 12 6","14 35 56 88 116 103 56 24 14 5 0 0",FALSE
490,14,"1 2 4 8 16 15 19 21 25 30 3 18 7 17","14 35 56 88 116 103 56 24 14 5 0 0",FALSE
491,14,"1 2 4 8 16 15 19 21 25 3 5 23 7 17","14 36 61 88 100 97 74 32 6 2 1 0",FALSE
492,14,"1 2 4 8 16 15 19 21 25 3 5 23 6 7","14 37 60 84 104 103 68 28 10 3 0 0",FALSE
493,14,"1 2 4 8 16 31 7 11 13 14 17 3 5 10","14 37 60 84 104 103 68 28 10 3 0 0",FALSE
494,14,"1 2 4 8 16 31 7 11 21 13 14 3 5 10","14 39 56 80 116 103 56 32 14 1 0 0",FALSE
495,14,"1 2 4 8 16 31 7 11 21 13 14 3 6 5","14 39 56 80 116 103 56 32 14 1 0 0",FALSE
496,14,"1 2 4 8 16 15 19 5 24 13 3 23 11 7","15 33 53 96 118 91 58 32 11 3 1 0",FALSE
497,14,"1 2 4 8 16 15 19 21 25 7 9 23 6 17","15 33 53 96 118 91 58 32 11 3 1 0",FALSE
498,14,"1 2 4 8 16 31 7 11 13 18 20 3 5 6","15 33 53 96 118 91 58 32 11 3 1 0",FALSE
499,14,"1 2 4 8 16 31 7 11 21 13 17 10 15 5","15 35 53 88 118 103 58 24 11 5 1 0",FALSE
500,14,"1 2 4 8 16 15 19 21 9 23 3 6 20 17","15 35 57 92 106 91 70 36 7 1 1 0",FALSE
501,14,"1 2 4 8 16 31 7 11 13 14 17 3 5 6","15 36 56 88 110 97 64 32 11 2 0 0",FALSE
502,14,"1 2 4 8 16 31 7 11 13 14 17 3 5 15","15 36 56 88 110 97 64 32 11 2 0 0",FALSE
503,14,"1 2 4 8 16 31 7 11 21 13 3 6 10 5","15 36 56 88 110 97 64 32 11 2 0 0",FALSE
504,14,"1 2 4 8 16 7 11 19 5 24 9 20 3 12","16 33 48 96 128 91 48 32 16 3 0 0",FALSE
505,14,"1 2 4 8 16 15 19 21 25 3 29 12 18 17","16 33 48 96 128 91 48 32 16 3 0 0",FALSE
506,14,"1 2 4 8 16 31 7 11 21 13 20 5 10 15","16 34 48 93 128 93 48 34 16 0 0 1",FALSE
507,14,"1 2 4 8 16 15 19 21 9 23 3 6 20 7","16 35 52 92 116 91 60 36 12 1 0 0",FALSE
508,14,"1 2 4 8 16 31 7 11 13 18 20 9 6 15","16 36 53 88 112 97 66 32 8 2 1 0",FALSE
509,14,"1 2 4 8 16 31 7 11 13 14 17 3 12 15","16 37 52 84 116 103 60 28 12 3 0 0",FALSE
510,14,"1 2 4 8 16 31 7 11 21 13 3 5 10 15","16 37 52 84 116 103 60 28 12 3 0 0",FALSE
511,14,"1 2 4 8 16 31 7 11 21 13 14 5 10 15","16 41 48 72 128 115 48 24 16 3 0 0",FALSE
512,14,"1 2 4 8 16 31 7 11 13 14 3 5 10 12","16 45 64 72 96 107 64 24 16 7 0 0",FALSE
513,14,"1 2 4 8 16 31 7 11 13 14 3 5 9 6","17 43 61 80 98 95 66 32 13 5 1 0",FALSE
514,14,"1 2 4 8 16 31 7 11 13 14 3 5 9 15","17 43 61 80 98 95 66 32 13 5 1 0",FALSE
515,14,"1 2 4 8 16 31 7 11 13 14 3 5 6 15","18 42 56 85 108 85 56 42 18 0 0 1",FALSE
516,14,"1 2 4 8 16 15 19 21 3 5 23 17 6 7","18 42 57 84 104 89 62 36 14 4 1 0",FALSE
517,14,"1 2 4 8 16 31 7 11 13 14 3 5 10 15","18 43 56 80 108 95 56 32 18 5 0 0",FALSE
518,14,"1 2 4 8 16 7 11 13 14 3 5 9 15 6","22 55 72 96 116 87 40 16 6 1 0 0",FALSE
519,14,"2 3 4 5 6 7 8 9 10 11 12 13 14 15","28 77 112 168 232 203 112 56 28 7 0 0",FALSE
520,15,"1 2 4 8 16 31 7 11 21 25 13 14 19 22 26","0 105 0 280 0 435 0 168 0 35 0 0 0",FALSE
521,15,"1 2 4 8 16 31 7 11 21 25 13 14 19 22 3","6 77 62 168 188 203 188 56 62 7 6 0 0",FALSE
522,15,"1 2 4 8 16 31 7 11 21 25 13 14 19 22 6","7 77 56 168 203 203 168 56 77 7 0 0 1",FALSE
523,15,"1 2 4 8 16 31 7 11 21 25 13 14 19 3 17","10 60 90 141 212 193 164 98 34 18 2 1 0",FALSE
524,15,"1 2 4 8 16 31 7 11 21 25 13 14 19 3 5","10 61 90 136 212 203 164 88 34 23 2 0 0",FALSE
525,15,"1 2 4 8 16 31 7 11 21 25 13 14 19 3 6","11 60 85 141 222 193 154 98 39 18 1 1 0",FALSE
526,15,"1 2 4 8 16 15 19 21 25 30 3 5 23 9 27","12 49 108 144 176 219 176 80 36 19 4 0 0",FALSE
527,15,"1 2 4 8 16 31 7 11 21 13 14 26 3 17 23","12 51 102 144 192 207 164 96 36 13 6 0 0",FALSE
528,15,"1 2 4 8 16 31 7 11 21 25 13 14 17 3 20","12 51 102 144 192 207 164 96 36 13 6 0 0",FALSE
529,15,"1 2 4 8 16 31 7 11 21 25 13 14 17 18 20","12 52 100 141 200 209 152 98 44 10 4 1 0",FALSE
530,15,"1 2 4 8 16 31 7 11 21 13 14 26 3 17 6","12 53 100 136 200 219 152 88 44 15 4 0 0",FALSE
531,15,"1 2 4 8 16 31 7 11 21 25 13 14 17 20 24","12 53 100 136 200 219 152 88 44 15 4 0 0",FALSE
532,15,"1 2 4 8 16 31 7 11 21 13 14 26 3 6 9","12 57 100 120 200 243 152 72 44 19 4 0 0",FALSE
533,15,"1 2 4 8 16 31 7 11 21 25 13 14 19 6 10","12 61 80 136 232 203 144 88 44 23 0 0 0",FALSE
534,15,"1 2 4 8 16 15 19 21 25 30 3 5 23 9 10","13 48 103 149 186 209 166 90 41 14 3 1 0",FALSE
535,15,"1 2 4 8 16 31 7 11 21 13 14 17 18 20 9","13 48 103 149 186 209 166 90 41 14 3 1 0",FALSE
536,15,"1 2 4 8 16 31 7 11 21 25 13 14 17 18 3","13 50 97 149 202 197 154 106 41 8 5 1 0",FALSE
537,15,"1 2 4 8 16 31 7 11 21 25 13 14 17 18 5","13 50 97 149 202 197 154 106 41 8 5 1 0",FALSE
538,15,"1 2 4 8 16 15 19 21 25 30 3 5 23 9 6","13 50 101 141 194 221 154 82 49 16 1 1 0",FALSE
539,15,"1 2 4 8 16 31 7 11 21 13 14 26 3 17 18","13 51 96 144 207 207 144 96 51 13 0 0 1",FALSE
540,15,"1 2 4 8 16 31 7 11 21 25 13 14 17 20 6","13 51 96 144 207 207 144 96 51 13 0 0 1",FALSE
541,15,"1 2 4 8 16 31 7 11 21 25 13 14 17 3 5","13 51 97 144 202 207 154 96 41 13 5 0 0",FALSE
542,15,"1 2 4 8 16 31 7 11 21 25 13 14 17 20 9","13 51 97 144 202 207 154 96 41 13 5 0 0",FALSE
543,15,"1 2 4 8 16 15 19 21 25 3 29 5 27 7 14","14 45 102 160 180 195 180 96 30 15 6 0 0",FALSE
544,15,"1 2 4 8 16 15 19 21 25 30 3 5 10 29 7","14 46 100 157 188 197 168 98 38 12 4 1 0",FALSE
545,15,"1 2 4 8 16 15 19 21 25 30 3 5 10 12 7","14 47 100 152 188 207 168 88 38 17 4 0 0",FALSE
546,15,"1 2 4 8 16 15 19 21 25 30 3 5 23 9 7","14 47 100 152 188 207 168 88 38 17 4 0 0",FALSE
547,15,"1 2 4 8 16 31 7 11 21 13 14 17 18 6 9","14 47 100 152 188 207 168 88 38 17 4 0 0",FALSE
548,15,"1 2 4 8 16 31 7 11 21 13 14 17 18 20 3","14 48 98 149 196 209 156 90 46 14 2 1 0",FALSE
549,15,"1 2 4 8 16 31 7 11 21 25 13 3 17 6 9","14 48 98 149 196 209 156 90 46 14 2 1 0",FALSE
550,15,"1 2 4 8 16 31 7 11 21 25 13 3 17 6 20","14 48 98 149 196 209 156 90 46 14 2 1 0",FALSE
551,15,"1 2 4 8 16 15 19 21 25 30 3 5 10 12 6","14 49 98 144 196 219 156 80 46 19 2 0 0",FALSE
552,15,"1 2 4 8 16 31 7 11 21 13 14 17 20 3 6","14 49 98 144 196 219 156 80 46 19 2 0 0",FALSE
553,15,"1 2 4 8 16 31 7 11 21 25 13 14 17 5 6","14 50 92 149 212 197 144 106 46 8 4 1 0",FALSE
554,15,"1 2 4 8 16 31 7 11 21 13 14 26 3 17 5","14 51 92 144 212 207 144 96 46 13 4 0 0",FALSE
555,15,"1 2 4 8 16 31 7 11 21 25 13 14 17 5 9","14 51 92 144 212 207 144 96 46 13 4 0 0",FALSE
556,15,"1 2 4 8 16 31 7 11 21 25 13 14 17 20 5","14 51 92 144 212 207 144 96 46 13 4 0 0",FALSE
557,15,"1 2 4 8 16 31 7 11 21 13 14 26 3 6 10","14 53 94 136 204 219 156 88 38 15 6 0 0",FALSE
558,15,"1 2 4 8 16 31 7 11 21 25 13 14 3 5 9","14 53 94 136 204 219 156 88 38 15 6 0 0",FALSE
559,15,"1 2 4 8 16 15 19 21 25 30 3 5 10 29 17","15 44 97 165 190 185 170 106 35 10 5 1 0",FALSE
560,15,"1 2 4 8 16 15 19 21 25 3 29 5 10 12 18","15 45 96 160 195 195 160 96 45 15 0 0 1",FALSE
561,15,"1 2 4 8 16 15 19 21 25 30 3 5 10 7 26","15 45 96 160 195 195 160 96 45 15 0 0 1",FALSE
562,15,"1 2 4 8 16 15 19 21 25 30 3 5 10 12 17","15 45 96 160 195 195 160 96 45 15 0 0 1",FALSE
563,15,"1 2 4 8 16 31 7 11 21 13 17 3 24 12 18","15 45 96 160 195 195 160 96 45 15 0 0 1",FALSE
564,15,"1 2 4 8 16 31 7 11 21 25 3 17 23 27 30","15 45 96 160 195 195 160 96 45 15 0 0 1",FALSE
565,15,"1 2 4 8 16 15 19 21 25 3 29 5 27 7 18","15 45 97 160 190 195 170 96 35 15 5 0 0",FALSE
566,15,"1 2 4 8 16 15 19 21 25 30 3 5 10 7 11","15 45 97 160 190 195 170 96 35 15 5 0 0",FALSE
567,15,"1 2 4 8 16 15 19 21 25 3 29 5 27 7 17","15 46 95 157 198 197 158 98 43 12 3 1 0",FALSE
568,15,"1 2 4 8 16 31 7 11 21 13 14 17 18 6 10","15 46 95 157 198 197 158 98 43 12 3 1 0",FALSE
569,15,"1 2 4 8 16 31 7 11 21 13 17 3 24 12 10","15 46 95 157 198 197 158 98 43 12 3 1 0",FALSE
570,15,"1 2 4 8 16 31 7 11 21 25 13 3 17 5 18","15 46 95 157 198 197 158 98 43 12 3 1 0",FALSE
571,15,"1 2 4 8 16 31 7 11 21 25 13 3 17 6 18","15 46 95 157 198 197 158 98 43 12 3 1 0",FALSE
572,15,"1 2 4 8 16 31 7 11 21 25 13 3 18 5 20","15 46 95 157 198 197 158 98 43 12 3 1 0",FALSE
573,15,"1 2 4 8 16 31 7 11 21 25 13 3 18 20 24","15 46 95 157 198 197 158 98 43 12 3 1 0",FALSE
574,15,"1 2 4 8 16 31 7 11 21 13 14 17 18 6 3","15 47 95 152 198 207 158 88 43 17 3 0 0",FALSE
575,15,"1 2 4 8 16 31 7 11 21 13 14 17 18 6 5","15 47 95 152 198 207 158 88 43 17 3 0 0",FALSE
576,15,"1 2 4 8 16 31 7 11 21 13 14 17 20 3 10","15 47 95 152 198 207 158 88 43 17 3 0 0",FALSE
577,15,"1 2 4 8 16 31 7 11 21 13 17 3 24 12 5","15 47 95 152 198 207 158 88 43 17 3 0 0",FALSE
578,15,"1 2 4 8 16 31 7 11 21 25 13 3 17 6 5","15 47 95 152 198 207 158 88 43 17 3 0 0",FALSE
579,15,"1 2 4 8 16 31 7 11 21 13 14 17 18 20 5","15 48 93 149 206 209 146 90 51 14 1 1 0",FALSE
580,15,"1 2 4 8 16 31 7 11 21 25 13 3 18 6 10","15 48 93 149 206 209 146 90 51 14 1 1 0",FALSE
581,15,"1 2 4 8 16 15 19 21 25 30 3 5 23 6 7","15 50 95 141 198 221 158 82 43 16 3 1 0",FALSE
582,15,"1 2 4 8 16 31 7 11 21 13 14 17 3 6 9","15 50 95 141 198 221 158 82 43 16 3 1 0",FALSE
583,15,"1 2 4 8 16 31 7 11 21 25 13 14 3 5 6","15 52 89 141 214 209 146 98 43 10 5 1 0",FALSE
584,15,"1 2 4 8 16 31 7 11 21 25 13 14 5 6 9","15 52 89 141 214 209 146 98 43 10 5 1 0",FALSE
585,15,"1 2 4 8 16 31 7 11 21 13 14 26 3 6 5","15 53 88 136 219 219 136 88 53 15 0 0 1",FALSE
586,15,"1 2 4 8 16 31 7 11 21 25 13 14 5 9 15","15 53 88 136 219 219 136 88 53 15 0 0 1",FALSE
587,15,"1 2 4 8 16 31 7 11 21 13 17 3 24 15 9","16 44 92 165 200 185 160 106 40 10 4 1 0",FALSE
588,15,"1 2 4 8 16 15 19 21 25 3 29 5 12 18 7","16 45 92 160 200 195 160 96 40 15 4 0 0",FALSE
589,15,"1 2 4 8 16 15 19 21 25 3 29 5 27 6 17","16 45 92 160 200 195 160 96 40 15 4 0 0",FALSE
590,15,"1 2 4 8 16 15 19 21 25 3 29 5 27 7 6","16 45 92 160 200 195 160 96 40 15 4 0 0",FALSE
591,15,"1 2 4 8 16 15 19 21 25 30 3 5 10 7 17","16 45 92 160 200 195 160 96 40 15 4 0 0",FALSE
592,15,"1 2 4 8 16 31 7 11 21 13 17 3 23 10 15","16 45 92 160 200 195 160 96 40 15 4 0 0",FALSE
593,15,"1 2 4 8 16 31 7 11 21 13 17 3 23 10 20","16 45 92 160 200 195 160 96 40 15 4 0 0",FALSE
594,15,"1 2 4 8 16 31 7 11 21 13 17 3 24 12 15","16 45 92 160 200 195 160 96 40 15 4 0 0",FALSE
595,15,"1 2 4 8 16 31 7 11 21 13 17 3 24 15 5","16 45 92 160 200 195 160 96 40 15 4 0 0",FALSE
596,15,"1 2 4 8 16 31 7 11 21 13 17 3 24 15 10","16 45 92 160 200 195 160 96 40 15 4 0 0",FALSE
597,15,"1 2 4 8 16 31 7 11 21 13 14 17 18 3 5","16 46 90 157 208 197 148 98 48 12 2 1 0",FALSE
598,15,"1 2 4 8 16 31 7 11 21 13 17 3 24 5 10","16 46 90 157 208 197 148 98 48 12 2 1 0",FALSE
599,15,"1 2 4 8 16 31 7 11 21 25 13 3 18 5 6","16 46 90 157 208 197 148 98 48 12 2 1 0",FALSE
600,15,"1 2 4 8 16 15 19 21 25 3 29 5 10 12 6","16 47 90 152 208 207 148 88 48 17 2 0 0",FALSE
601,15,"1 2 4 8 16 31 7 11 21 13 14 17 18 5 10","16 47 90 152 208 207 148 88 48 17 2 0 0",FALSE
602,15,"1 2 4 8 16 31 7 11 21 13 14 17 20 3 5","16 47 90 152 208 207 148 88 48 17 2 0 0",FALSE
603,15,"1 2 4 8 16 31 7 11 21 25 13 3 18 20 6","16 47 90 152 208 207 148 88 48 17 2 0 0",FALSE
604,15,"1 2 4 8 16 15 19 21 25 30 3 5 23 7 17","16 47 94 152 192 207 172 88 32 17 6 0 0",FALSE
605,15,"1 2 4 8 16 31 7 11 13 14 17 18 5 12 6","16 47 94 152 192 207 172 88 32 17 6 0 0",FALSE
606,15,"1 2 4 8 16 31 7 11 13 14 17 18 5 9 6","16 48 92 149 200 209 160 90 40 14 4 1 0",FALSE
607,15,"1 2 4 8 16 31 7 11 21 13 14 17 3 6 10","16 48 92 149 200 209 160 90 40 14 4 1 0",FALSE
608,15,"1 2 4 8 16 31 7 11 21 25 13 3 5 9 6","16 48 92 149 200 209 160 90 40 14 4 1 0",FALSE
609,15,"1 2 4 8 16 31 7 11 21 25 3 17 23 27 19","16 49 88 144 216 219 136 80 56 19 0 0 0",FALSE
610,15,"1 2 4 8 16 31 7 11 21 13 14 17 20 10 15","16 49 92 144 200 219 160 80 40 19 4 0 0",FALSE
611,15,"1 2 4 8 16 31 7 11 21 25 13 3 5 9 12","16 49 92 144 200 219 160 80 40 19 4 0 0",FALSE
612,15,"1 2 4 8 16 31 7 11 21 13 14 26 3 5 10","16 53 84 136 224 219 136 88 48 15 4 0 0",FALSE
613,15,"1 2 4 8 16 31 7 11 21 25 13 14 5 9 12","16 53 84 136 224 219 136 88 48 15 4 0 0",FALSE
614,15,"1 2 4 8 16 31 7 11 21 13 14 3 6 9 12","16 57 96 120 192 243 160 72 48 19 0 0 0",FALSE
615,15,"1 2 4 8 16 15 19 21 25 3 29 5 10 12 17","17 44 87 165 210 185 150 106 45 10 3 1 0",FALSE
616,15,"1 2 4 8 16 31 7 11 21 13 3 18 20 10 15","17 44 87 165 210 185 150 106 45 10 3 1 0",FALSE
617,15,"1 2 4 8 16 31 7 11 21 13 3 18 20 10 5","17 45 87 160 210 195 150 96 45 15 3 0 0",FALSE
618,15,"1 2 4 8 16 31 7 11 21 13 3 18 20 10 6","17 45 87 160 210 195 150 96 45 15 3 0 0",FALSE
619,15,"1 2 4 8 16 31 7 11 21 13 17 3 24 9 10","17 45 87 160 210 195 150 96 45 15 3 0 0",FALSE
620,15,"1 2 4 8 16 31 7 11 21 25 13 5 6 18 20","17 46 85 157 218 197 138 98 53 12 1 1 0",FALSE
621,15,"1 2 4 8 16 15 19 21 25 3 29 5 6 18 7","17 46 89 157 202 197 162 98 37 12 5 1 0",FALSE
622,15,"1 2 4 8 16 15 19 21 25 30 3 5 6 17 7","17 46 89 157 202 197 162 98 37 12 5 1 0",FALSE
623,15,"1 2 4 8 16 31 7 11 13 14 17 18 5 9 3","17 46 89 157 202 197 162 98 37 12 5 1 0",FALSE
624,15,"1 2 4 8 16 31 7 11 13 14 17 18 5 9 12","17 46 89 157 202 197 162 98 37 12 5 1 0",FALSE
625,15,"1 2 4 8 16 31 7 11 21 13 17 3 9 15 10","17 46 89 157 202 197 162 98 37 12 5 1 0",FALSE
626,15,"1 2 4 8 16 15 19 21 25 30 3 5 6 7 22","17 47 88 152 207 207 152 88 47 17 0 0 1",FALSE
627,15,"1 2 4 8 16 31 7 11 13 14 17 18 5 6 15","17 47 88 152 207 207 152 88 47 17 0 0 1",FALSE
628,15,"1 2 4 8 16 31 7 11 21 13 17 3 23 5 20","17 47 88 152 207 207 152 88 47 17 0 0 1",FALSE
629,15,"1 2 4 8 16 31 7 11 13 14 17 18 5 12 3","17 47 89 152 202 207 162 88 37 17 5 0 0",FALSE
630,15,"1 2 4 8 16 31 7 11 21 13 17 3 23 6 5","17 47 89 152 202 207 162 88 37 17 5 0 0",FALSE
631,15,"1 2 4 8 16 31 7 11 21 13 14 17 3 5 10","17 48 87 149 210 209 150 90 45 14 3 1 0",FALSE
632,15,"1 2 4 8 16 31 7 11 21 13 14 17 3 6 5","17 48 87 149 210 209 150 90 45 14 3 1 0",FALSE
633,15,"1 2 4 8 16 31 7 11 21 13 14 17 20 10 5","17 48 87 149 210 209 150 90 45 14 3 1 0",FALSE
634,15,"1 2 4 8 16 31 7 11 21 25 13 5 6 9 12","17 48 87 149 210 209 150 90 45 14 3 1 0",FALSE
635,15,"1 2 4 8 16 15 19 21 25 3 5 10 12 17 6","18 45 82 160 220 195 140 96 50 15 2 0 0",FALSE
636,15,"1 2 4 8 16 15 19 21 25 3 29 5 12 18 17","18 45 82 160 220 195 140 96 50 15 2 0 0",FALSE
637,15,"1 2 4 8 16 15 19 21 25 3 29 5 7 17 18","18 46 84 157 212 197 152 98 42 12 4 1 0",FALSE
638,15,"1 2 4 8 16 31 7 11 13 14 17 18 5 3 15","18 46 84 157 212 197 152 98 42 12 4 1 0",FALSE
639,15,"1 2 4 8 16 31 7 11 21 13 3 18 20 5 6","18 46 84 157 212 197 152 98 42 12 4 1 0",FALSE
640,15,"1 2 4 8 16 15 19 21 25 30 3 5 7 22 17","18 47 84 152 212 207 152 88 42 17 4 0 0",FALSE
641,15,"1 2 4 8 16 31 7 11 13 14 17 18 5 6 3","18 47 84 152 212 207 152 88 42 17 4 0 0",FALSE
642,15,"1 2 4 8 16 31 7 11 21 13 17 3 10 15 5","18 47 84 152 212 207 152 88 42 17 4 0 0",FALSE
643,15,"1 2 4 8 16 31 7 11 21 13 14 3 6 9 5","18 53 90 136 196 219 164 88 42 15 2 0 0",FALSE
644,15,"1 2 4 8 16 31 7 11 21 13 14 3 6 10 15","18 53 90 136 196 219 164 88 42 15 2 0 0",FALSE
645,15,"1 2 4 8 16 31 7 11 13 18 20 3 5 15 6","19 46 79 157 222 197 142 98 47 12 3 1 0",FALSE
646,15,"1 2 4 8 16 31 7 11 21 13 17 20 10 15 5","19 46 79 157 222 197 142 98 47 12 3 1 0",FALSE
647,15,"1 2 4 8 16 31 7 11 13 14 17 18 12 3 15","19 48 81 149 214 209 154 90 39 14 5 1 0",FALSE
648,15,"1 2 4 8 16 31 7 11 21 13 3 18 10 15 5","19 48 81 149 214 209 154 90 39 14 5 1 0",FALSE
649,15,"1 2 4 8 16 15 19 21 25 3 5 10 12 6 9","19 49 80 144 219 219 144 80 49 19 0 0 1",FALSE
650,15,"1 2 4 8 16 15 19 21 25 30 3 18 7 22 17","19 49 80 144 219 219 144 80 49 19 0 0 1",FALSE
651,15,"1 2 4 8 16 31 7 11 21 13 14 17 5 10 15","19 50 79 141 222 221 142 82 47 16 3 1 0",FALSE
652,15,"1 2 4 8 16 15 19 21 25 3 5 23 7 17 6","19 51 87 144 198 207 166 96 39 13 3 0 0",FALSE
653,15,"1 2 4 8 16 15 19 21 25 3 5 23 7 17 22","19 51 87 144 198 207 166 96 39 13 3 0 0",FALSE
654,15,"1 2 4 8 16 31 7 11 21 13 14 3 6 10 5","19 52 85 141 206 209 154 98 47 10 1 1 0",FALSE
655,15,"1 2 4 8 16 31 7 11 21 13 14 26 5 10 15","19 57 72 120 243 243 120 72 57 19 0 0 1",FALSE
656,15,"1 2 4 8 16 7 11 19 5 24 9 20 3 12 17","20 45 72 160 240 195 120 96 60 15 0 0 0",FALSE
657,15,"1 2 4 8 16 15 19 21 9 23 3 6 20 17 7","20 50 82 149 208 197 156 106 44 8 2 1 0",FALSE
658,15,"1 2 4 8 16 31 7 11 13 14 17 3 5 10 15","20 51 82 144 208 207 156 96 44 13 2 0 0",FALSE
659,15,"1 2 4 8 16 31 7 11 21 13 14 3 5 10 15","20 53 80 136 216 219 144 88 52 15 0 0 0",FALSE
660,15,"1 2 4 8 16 31 7 11 13 14 3 5 10 12 6","22 61 94 136 188 203 156 88 46 23 6 0 0",FALSE
661,15,"1 2 4 8 16 31 7 11 13 14 3 5 9 6 15","23 60 89 141 198 193 146 98 51 18 5 1 0",FALSE
662,15,"1 2 4 8 16 31 7 11 13 14 3 5 10 12 15","23 61 88 136 203 203 136 88 61 23 0 0 1",FALSE
663,15,"1 2 4 8 16 7 11 13 14 3 5 9 15 6 10","28 77 112 168 232 203 112 56 28 7 0 0 0",FALSE
664,15,"1 2 3 4 5 6 7 8 9 10 11 12 13 14 15","35 105 168 280 435 435 280 168 105 35 0 0 1",FALSE
521,16,"5 6 9 10 12 15 17 18 20 23 24 26 27 28 29 30","6 77 62 168 188 203 188 56 62 7 6 0 0",TRUE
523,16,"5 6 9 10 12 15 18 20 22 23 24 26 27 28 29 30","10 60 90 141 212 193 164 98 34 18 2 1 0",TRUE
524,16,"6 9 10 12 15 17 18 20 22 23 24 26 27 28 29 30","10 61 90 136 212 203 164 88 34 23 2 0 0",TRUE
525,16,"5 9 10 12 15 17 18 20 22 23 24 26 27 28 29 30","11 60 85 141 222 193 154 98 39 18 1 1 0",TRUE
526,16,"6 7 10 11 12 13 14 17 18 20 22 24 26 28 29 31","12 49 108 144 176 219 176 80 36 19 4 0 0",TRUE
527,16,"5 6 9 10 12 15 18 19 20 22 24 25 27 28 29 30","12 51 102 144 192 207 164 96 36 13 6 0 0",TRUE
528,16,"5 6 9 10 12 15 18 19 22 23 24 26 27 28 29 30","12 51 102 144 192 207 164 96 36 13 6 0 0",TRUE
529,16,"3 5 6 9 10 12 15 19 22 23 24 26 27 28 29 30","12 52 100 141 200 209 152 98 44 10 4 1 0",TRUE
530,16,"5 9 10 12 15 18 19 20 22 23 24 25 27 28 29 30","12 53 100 136 200 219 152 88 44 15 4 0 0",TRUE
531,16,"3 5 6 9 10 12 15 18 19 22 23 26 27 28 29 30","12 53 100 136 200 219 152 88 44 15 4 0 0",TRUE
532,16,"5 10 12 15 17 18 19 20 22 23 24 25 27 28 29 30","12 57 100 120 200 243 152 72 44 19 4 0 0",TRUE
534,16,"6 7 11 12 13 14 17 18 20 22 24 26 27 28 29 31","13 48 103 149 186 209 166 90 41 14 3 1 0",TRUE
535,16,"3 5 6 10 12 15 19 22 23 24 25 26 27 28 29 30","13 48 103 149 186 209 166 90 41 14 3 1 0",TRUE
536,16,"5 6 9 10 12 15 19 20 22 23 24 26 27 28 29 30","13 50 97 149 202 197 154 106 41 8 5 1 0",TRUE
537,16,"3 6 9 10 12 15 19 20 22 23 24 26 27 28 29 30","13 50 97 149 202 197 154 106 41 8 5 1 0",TRUE
538,16,"7 10 11 12 13 14 17 18 20 22 24 26 27 28 29 31","13 50 101 141 194 221 154 82 49 16 1 1 0",TRUE
539,16,"5 6 9 10 12 15 19 20 22 23 24 25 27 28 29 30","13 51 96 144 207 207 144 96 51 13 0 0 1",TRUE
540,16,"3 5 9 10 12 15 18 19 22 23 24 26 27 28 29 30","13 51 96 144 207 207 144 96 51 13 0 0 1",TRUE
541,16,"6 9 10 12 15 18 19 20 22 23 24 26 27 28 29 30","13 51 97 144 202 207 154 96 41 13 5 0 0",TRUE
542,16,"3 5 6 10 12 15 18 19 22 23 24 26 27 28 29 30","13 51 97 144 202 207 154 96 41 13 5 0 0",TRUE
543,16,"6 9 10 11 12 13 17 18 20 22 23 24 26 28 30 31","14 45 102 160 180 195 180 96 30 15 6 0 0",TRUE
544,16,"6 9 11 12 13 14 17 18 20 22 23 24 26 27 28 31","14 46 100 157 188 197 168 98 38 12 4 1 0",TRUE
545,16,"6 9 11 13 14 17 18 20 22 23 24 26 27 28 29 31","14 47 100 152 188 207 168 88 38 17 4 0 0",TRUE
546,16,"6 10 11 12 13 14 17 18 20 22 24 26 27 28 29 31","14 47 100 152 188 207 168 88 38 17 4 0 0",TRUE
547,16,"3 5 10 12 15 19 20 22 23 24 25 26 27 28 29 30","14 47 100 152 188 207 168 88 38 17 4 0 0",TRUE
548,16,"5 6 9 10 12 15 19 22 23 24 25 26 27 28 29 30","14 48 98 149 196 209 156 90 46 14 2 1 0",TRUE
549,16,"5 10 12 14 15 18 19 20 22 23 24 26 27 28 29 30","14 48 98 149 196 209 156 90 46 14 2 1 0",TRUE
550,16,"5 9 10 12 14 15 18 19 22 23 24 26 27 28 29 30","14 48 98 149 196 209 156 90 46 14 2 1 0",TRUE
551,16,"7 9 11 13 14 17 18 20 22 23 24 26 27 28 29 31","14 49 98 144 196 219 156 80 46 19 2 0 0",TRUE
552,16,"5 9 10 12 15 18 19 22 23 24 25 26 27 28 29 30","14 49 98 144 196 219 156 80 46 19 2 0 0",TRUE
553,16,"3 9 10 12 15 18 19 20 22 23 24 26 27 28 29 30","14 50 92 149 212 197 144 106 46 8 4 1 0",TRUE
554,16,"6 9 10 12 15 18 19 20 22 23 24 25 27 28 29 30","14 51 92 144 212 207 144 96 46 13 4 0 0",TRUE
555,16,"3 6 10 12 15 18 19 20 22 23 24 26 27 28 29 30","14 51 92 144 212 207 144 96 46 13 4 0 0",TRUE
556,16,"3 6 9 10 12 15 18 19 22 23 24 26 27 28 29 30","14 51 92 144 212 207 144 96 46 13 4 0 0",TRUE
557,16,"5 9 12 15 17 18 19 20 22 23 24 25 27 28 29 30","14 53 94 136 204 219 156 88 38 15 6 0 0",TRUE
558,16,"6 10 12 15 17 18 19 20 22 23 24 26 27 28 29 30","14 53 94 136 204 219 156 88 38 15 6 0 0",TRUE
559,16,"6 7 9 11 12 13 14 18 20 22 23 24 26 27 28 31","15 44 97 165 190 185 170 106 35 10 5 1 0",TRUE
560,16,"6 7 9 11 13 14 17 20 22 23 24 26 27 28 30 31","15 45 96 160 195 195 160 96 45 15 0 0 1",TRUE
561,16,"6 9 11 12 13 14 17 18 20 22 23 24 27 28 29 31","15 45 96 160 195 195 160 96 45 15 0 0 1",TRUE
562,16,"6 7 9 11 13 14 18 20 22 23 24 26 27 28 29 31","15 45 96 160 195 195 160 96 45 15 0 0 1",TRUE
563,16,"5 6 9 10 14 15 19 20 22 23 25 26 27 28 29 30","15 45 96 160 195 195 160 96 45 15 0 0 1",TRUE
565,16,"6 9 10 11 12 13 14 17 20 22 23 24 26 28 30 31","15 45 97 160 190 195 170 96 35 15 5 0 0",TRUE
566,16,"6 9 12 13 14 17 18 20 22 23 24 26 27 28 29 31","15 45 97 160 190 195 170 96 35 15 5 0 0",TRUE
567,16,"6 9 10 11 12 13 14 18 20 22 23 24 26 28 30 31","15 46 95 157 198 197 158 98 43 12 3 1 0",TRUE
568,16,"3 5 9 12 15 19 20 22 23 24 25 26 27 28 29 30","15 46 95 157 198 197 158 98 43 12 3 1 0",TRUE
569,16,"5 6 9 14 15 18 19 20 22 23 25 26 27 28 29 30","15 46 95 157 198 197 158 98 43 12 3 1 0",TRUE
570,16,"6 9 10 12 14 15 19 20 22 23 24 26 27 28 29 30","15 46 95 157 198 197 158 98 43 12 3 1 0",TRUE
571,16,"5 9 10 12 14 15 19 20 22 23 24 26 27 28 29 30","15 46 95 157 198 197 158 98 43 12 3 1 0",TRUE
572,16,"6 9 10 12 14 15 17 19 22 23 24 26 27 28 29 30","15 46 95 157 198 197 158 98 43 12 3 1 0",TRUE
573,16,"5 6 9 10 12 14 15 17 19 22 23 26 27 28 29 30","15 46 95 157 198 197 158 98 43 12 3 1 0",TRUE
574,16,"5 9 10 12 15 19 20 22 23 24 25 26 27 28 29 30","15 47 95 152 198 207 158 88 43 17 3 0 0",TRUE
575,16,"3 9 10 12 15 19 20 22 23 24 25 26 27 28 29 30","15 47 95 152 198 207 158 88 43 17 3 0 0",TRUE
576,16,"5 6 9 12 15 18 19 22 23 24 25 26 27 28 29 30","15 47 95 152 198 207 158 88 43 17 3 0 0",TRUE
577,16,"6 9 10 14 15 18 19 20 22 23 25 26 27 28 29 30","15 47 95 152 198 207 158 88 43 17 3 0 0",TRUE
578,16,"9 10 12 14 15 18 19 20 22 23 24 26 27 28 29 30","15 47 95 152 198 207 158 88 43 17 3 0 0",TRUE
579,16,"3 6 9 10 12 15 19 22 23 24 25 26 27 28 29 30","15 48 93 149 206 209 146 90 51 14 1 1 0",TRUE
580,16,"5 9 12 14 15 17 19 20 22 23 24 26 27 28 29 30","15 48 93 149 206 209 146 90 51 14 1 1 0",TRUE
581,16,"9 10 11 12 13 14 17 18 20 22 24 26 27 28 29 31","15 50 95 141 198 221 158 82 43 16 3 1 0",TRUE
582,16,"5 10 12 15 18 19 20 22 23 24 25 26 27 28 29 30","15 50 95 141 198 221 158 82 43 16 3 1 0",TRUE
583,16,"9 10 12 15 17 18 19 20 22 23 24 26 27 28 29 30","15 52 89 141 214 209 146 98 43 10 5 1 0",TRUE
584,16,"3 10 12 15 17 18 19 20 22 23 24 26 27 28 29 30","15 52 89 141 214 209 146 98 43 10 5 1 0",TRUE
585,16,"9 10 12 15 17 18 19 20 22 23 24 25 27 28 29 30","15 53 88 136 219 219 136 88 53 15 0 0 1",TRUE
587,16,"5 6 10 12 14 18 19 20 22 23 25 26 27 28 29 30","16 44 92 165 200 185 160 106 40 10 4 1 0",TRUE
588,16,"6 9 10 11 13 14 17 20 22 23 24 26 27 28 30 31","16 45 92 160 200 195 160 96 40 15 4 0 0",TRUE
589,16,"7 9 10 11 12 13 14 18 20 22 23 24 26 28 30 31","16 45 92 160 200 195 160 96 40 15 4 0 0",TRUE
590,16,"9 10 11 12 13 14 17 18 20 22 23 24 26 28 30 31","16 45 92 160 200 195 160 96 40 15 4 0 0",TRUE
591,16,"6 9 11 12 13 14 18 20 22 23 24 26 27 28 29 31","16 45 92 160 200 195 160 96 40 15 4 0 0",TRUE
592,16,"5 6 9 12 14 18 19 20 22 24 25 26 27 28 29 30","16 45 92 160 200 195 160 96 40 15 4 0 0",TRUE
593,16,"5 6 9 12 14 15 18 19 22 24 25 26 27 28 29 30","16 45 92 160 200 195 160 96 40 15 4 0 0",TRUE
594,16,"5 6 9 10 14 18 19 20 22 23 25 26 27 28 29 30","16 45 92 160 200 195 160 96 40 15 4 0 0",TRUE
595,16,"6 9 10 12 14 18 19 20 22 23 25 26 27 28 29 30","16 45 92 160 200 195 160 96 40 15 4 0 0",TRUE
596,16,"5 6 9 12 14 18 19 20 22 23 25 26 27 28 29 30","16 45 92 160 200 195 160 96 40 15 4 0 0",TRUE
597,16,"6 9 10 12 15 19 20 22 23 24 25 26 27 28 29 30","16 46 90 157 208 197 148 98 48 12 2 1 0",TRUE
598,16,"6 9 12 14 15 18 19 20 22 23 25 26 27 28 29 30","16 46 90 157 208 197 148 98 48 12 2 1 0",TRUE
599,16,"9 10 12 14 15 17 19 20 22 23 24 26 27 28 29 30","16 46 90 157 208 197 148 98 48 12 2 1 0",TRUE
600,16,"7 9 11 13 14 17 18 20 22 23 24 26 27 28 30 31","16 47 90 152 208 207 148 88 48 17 2 0 0",TRUE
601,16,"3 6 9 12 15 19 20 22 23 24 25 26 27 28 29 30","16 47 90 152 208 207 148 88 48 17 2 0 0",TRUE
602,16,"6 9 10 12 15 18 19 22 23 24 25 26 27 28 29 30","16 47 90 152 208 207 148 88 48 17 2 0 0",TRUE
603,16,"5 9 10 12 14 15 17 19 22 23 24 26 27 28 29 30","16 47 90 152 208 207 148 88 48 17 2 0 0",TRUE
604,16,"6 9 10 11 12 13 14 18 20 22 24 26 27 28 29 31","16 47 94 152 192 207 172 88 32 17 6 0 0",TRUE
605,16,"3 9 10 15 19 20 21 22 23 24 25 26 27 28 29 30","16 47 94 152 192 207 172 88 32 17 6 0 0",TRUE
606,16,"3 10 12 15 19 20 21 22 23 24 25 26 27 28 29 30","16 48 92 149 200 209 160 90 40 14 4 1 0",TRUE
607,16,"5 9 12 15 18 19 20 22 23 24 25 26 27 28 29 30","16 48 92 149 200 209 160 90 40 14 4 1 0",TRUE
608,16,"10 12 14 15 17 18 19 20 22 23 24 26 27 28 29 30","16 48 92 149 200 209 160 90 40 14 4 1 0",TRUE
610,16,"3 5 6 9 12 18 19 22 23 24 25 26 27 28 29 30","16 49 92 144 200 219 160 80 40 19 4 0 0",TRUE
611,16,"6 10 14 15 17 18 19 20 22 23 24 26 27 28 29 30","16 49 92 144 200 219 160 80 40 19 4 0 0",TRUE
612,16,"6 9 12 15 17 18 19 20 22 23 24 25 27 28 29 30","16 53 84 136 224 219 136 88 48 15 4 0 0",TRUE
613,16,"3 6 10 15 17 18 19 20 22 23 24 26 27 28 29 30","16 53 84 136 224 219 136 88 48 15 4 0 0",TRUE
615,16,"6 7 9 11 13 14 18 20 22 23 24 26 27 28 30 31","17 44 87 165 210 185 150 106 45 10 3 1 0",TRUE
616,16,"5 6 9 12 14 17 19 22 23 24 25 26 27 28 29 30","17 44 87 165 210 185 150 106 45 10 3 1 0",TRUE
617,16,"6 9 12 14 15 17 19 22 23 24 25 26 27 28 29 30","17 45 87 160 210 195 150 96 45 15 3 0 0",TRUE
618,16,"5 9 12 14 15 17 19 22 23 24 25 26 27 28 29 30","17 45 87 160 210 195 150 96 45 15 3 0 0",TRUE
619,16,"5 6 12 14 15 18 19 20 22 23 25 26 27 28 29 30","17 45 87 160 210 195 150 96 45 15 3 0 0",TRUE
620,16,"3 9 10 12 14 15 17 19 22 23 24 26 27 28 29 30","17 46 85 157 218 197 138 98 53 12 1 1 0",TRUE
621,16,"9 10 11 12 13 14 17 20 22 23 24 26 27 28 30 31","17 46 89 157 202 197 162 98 37 12 5 1 0",TRUE
622,16,"9 10 11 12 13 14 18 20 22 23 24 26 27 28 29 31","17 46 89 157 202 197 162 98 37 12 5 1 0",TRUE
623,16,"6 10 12 15 19 20 21 22 23 24 25 26 27 28 29 30","17 46 89 157 202 197 162 98 37 12 5 1 0",TRUE
624,16,"3 6 10 15 19 20 21 22 23 24 25 26 27 28 29 30","17 46 89 157 202 197 162 98 37 12 5 1 0",TRUE
625,16,"5 6 12 14 18 19 20 22 23 24 25 26 27 28 29 30","17 46 89 157 202 197 162 98 37 12 5 1 0",TRUE
626,16,"9 10 11 12 13 14 17 18 20 23 24 26 27 28 29 31","17 47 88 152 207 207 152 88 47 17 0 0 1",TRUE
627,16,"3 9 10 12 19 20 21 22 23 24 25 26 27 28 29 30","17 47 88 152 207 207 152 88 47 17 0 0 1",TRUE
628,16,"6 9 10 12 14 15 18 19 22 24 25 26 27 28 29 30","17 47 88 152 207 207 152 88 47 17 0 0 1",TRUE
629,16,"6 9 10 15 19 20 21 22 23 24 25 26 27 28 29 30","17 47 89 152 202 207 162 88 37 17 5 0 0",TRUE
630,16,"9 10 12 14 15 18 19 20 22 24 25 26 27 28 29 30","17 47 89 152 202 207 162 88 37 17 5 0 0",TRUE
631,16,"6 9 12 15 18 19 20 22 23 24 25 26 27 28 29 30","17 48 87 149 210 209 150 90 45 14 3 1 0",TRUE
632,16,"9 10 12 15 18 19 20 22 23 24 25 26 27 28 29 30","17 48 87 149 210 209 150 90 45 14 3 1 0",TRUE
633,16,"3 6 9 12 15 18 19 22 23 24 25 26 27 28 29 30","17 48 87 149 210 209 150 90 45 14 3 1 0",TRUE
634,16,"3 10 14 15 17 18 19 20 22 23 24 26 27 28 29 30","17 48 87 149 210 209 150 90 45 14 3 1 0",TRUE
635,16,"7 9 11 13 14 18 20 22 23 24 26 27 28 29 30 31","18 45 82 160 220 195 140 96 50 15 2 0 0",TRUE
636,16,"6 7 9 10 11 13 14 20 22 23 24 26 27 28 30 31","18 45 82 160 220 195 140 96 50 15 2 0 0",TRUE
637,16,"6 9 10 11 12 13 14 20 22 23 24 26 27 28 30 31","18 46 84 157 212 197 152 98 42 12 4 1 0",TRUE
638,16,"6 9 10 12 19 20 21 22 23 24 25 26 27 28 29 30","18 46 84 157 212 197 152 98 42 12 4 1 0",TRUE
639,16,"9 10 12 14 15 17 19 22 23 24 25 26 27 28 29 30","18 46 84 157 212 197 152 98 42 12 4 1 0",TRUE
640,16,"6 9 10 11 12 13 14 18 20 23 24 26 27 28 29 31","18 47 84 152 212 207 152 88 42 17 4 0 0",TRUE
641,16,"9 10 12 15 19 20 21 22 23 24 25 26 27 28 29 30","18 47 84 152 212 207 152 88 42 17 4 0 0",TRUE
642,16,"6 9 12 14 18 19 20 22 23 24 25 26 27 28 29 30","18 47 84 152 212 207 152 88 42 17 4 0 0",TRUE
643,16,"10 12 15 17 18 19 20 22 23 24 25 26 27 28 29 30","18 53 90 136 196 219 164 88 42 15 2 0 0",TRUE
644,16,"5 9 12 17 18 19 20 22 23 24 25 26 27 28 29 30","18 53 90 136 196 219 164 88 42 15 2 0 0",TRUE
645,16,"9 10 12 14 17 19 21 22 23 24 25 26 27 28 29 30","19 46 79 157 222 197 142 98 47 12 3 1 0",TRUE
646,16,"3 6 9 12 14 18 19 22 23 24 25 26 27 28 29 30","19 46 79 157 222 197 142 98 47 12 3 1 0",TRUE
647,16,"5 6 9 10 19 20 21 22 23 24 25 26 27 28 29 30","19 48 81 149 214 209 154 90 39 14 5 1 0",TRUE
648,16,"6 9 12 14 17 19 20 22 23 24 25 26 27 28 29 30","19 48 81 149 214 209 154 90 39 14 5 1 0",TRUE
650,16,"5 6 9 10 11 12 13 14 20 23 24 26 27 28 29 31","19 49 80 144 219 219 144 80 49 19 0 0 1",TRUE
651,16,"3 6 9 12 18 19 20 22 23 24 25 26 27 28 29 30","19 50 79 141 222 221 142 82 47 16 3 1 0",TRUE
652,16,"9 10 11 12 13 14 18 20 22 24 26 27 28 29 30 31","19 51 87 144 198 207 166 96 39 13 3 0 0",TRUE
653,16,"6 9 10 11 12 13 14 18 20 24 26 27 28 29 30 31","19 51 87 144 198 207 166 96 39 13 3 0 0",TRUE
654,16,"9 12 15 17 18 19 20 22 23 24 25 26 27 28 29 30","19 52 85 141 206 209 154 98 47 10 1 1 0",TRUE
657,16,"5 10 11 12 13 14 18 22 24 25 26 27 28 29 30 31","20 50 82 149 208 197 156 106 44 8 2 1 0",TRUE
658,16,"6 9 12 18 19 20 21 22 23 24 25 26 27 28 29 30","20 51 82 144 208 207 156 96 44 13 2 0 0",TRUE
660,16,"9 15 17 18 19 20 21 22 23 24 25 26 27 28 29 30","22 61 94 136 188 203 156 88 46 23 6 0 0",TRUE
661,16,"10 12 17 18 19 20 21 22 23 24 25 26 27 28 29 30","23 60 89 141 198 193 146 98 51 18 5 1 0",TRUE
392,17,"5 6 9 10 12 15 17 18 20 22 23 24 26 27 28 29 30","5 55 45 96 106 87 82 16 17 1 1 0",TRUE
394,17,"3 5 6 9 10 12 15 19 20 22 23 24 26 27 28 29 30","8 42 64 85 112 85 64 42 8 0 0 1",TRUE
395,17,"5 6 9 10 12 15 18 19 20 22 23 24 26 27 28 29 30","8 42 65 84 108 89 70 36 4 4 1 0",TRUE
396,17,"5 6 9 10 12 15 18 19 20 22 23 24 25 27 28 29 30","8 43 64 80 112 95 64 32 8 5 0 0",TRUE
397,17,"3 5 6 9 10 12 15 18 19 22 23 24 26 27 28 29 30","8 43 64 80 112 95 64 32 8 5 0 0",TRUE
398,17,"5 9 10 12 15 17 18 19 20 22 23 24 25 27 28 29 30","8 45 64 72 112 107 64 24 8 7 0 0",TRUE
399,17,"6 7 10 11 12 13 14 17 18 20 22 24 26 27 28 29 31","9 37 73 84 94 103 70 28 9 3 1 0",TRUE
400,17,"3 5 6 9 10 12 15 19 22 23 24 25 26 27 28 29 30","9 39 69 80 106 103 58 32 13 1 1 0",TRUE
401,17,"7 9 10 11 12 13 14 17 18 20 22 24 26 27 28 29 31","9 41 69 72 106 115 58 24 13 3 1 0",TRUE
402,17,"3 6 9 10 12 15 18 19 20 22 23 24 26 27 28 29 30","9 42 60 84 118 89 60 36 9 4 0 0",TRUE
403,17,"6 9 10 12 15 17 18 19 20 22 23 24 26 27 28 29 30","9 43 61 80 114 95 66 32 5 5 1 0",TRUE
404,17,"6 7 9 11 12 13 14 17 18 20 22 23 24 26 27 28 31","10 34 72 93 92 93 72 34 10 0 0 1",TRUE
405,17,"6 7 9 11 13 14 17 18 20 22 23 24 26 27 28 29 31","10 35 72 88 92 103 72 24 10 5 0 0",TRUE
406,17,"3 5 9 10 12 15 19 20 22 23 24 25 26 27 28 29 30","10 36 69 88 100 97 66 32 10 2 1 0",TRUE
407,17,"5 9 10 12 14 15 18 19 20 22 23 24 26 27 28 29 30","10 36 69 88 100 97 66 32 10 2 1 0",TRUE
408,17,"5 6 9 10 12 15 18 19 22 23 24 25 26 27 28 29 30","10 37 68 84 104 103 60 28 14 3 0 0",TRUE
409,17,"6 9 10 12 14 15 18 19 20 22 23 24 26 27 28 29 30","10 37 68 84 104 103 60 28 14 3 0 0",TRUE
410,17,"3 9 10 12 15 17 18 19 20 22 23 24 26 27 28 29 30","10 42 56 85 124 85 56 42 10 0 0 1",TRUE
411,17,"6 9 10 12 15 17 18 19 20 22 23 24 25 27 28 29 30","10 43 56 80 124 95 56 32 10 5 0 0",TRUE
413,17,"6 9 10 11 12 13 14 17 18 20 22 23 24 26 28 30 31","11 33 69 96 94 91 74 32 7 3 1 0",TRUE
414,17,"6 9 11 12 13 14 17 18 20 22 23 24 26 27 28 29 31","11 34 68 92 98 97 68 28 11 4 0 0",TRUE
415,17,"5 6 9 10 14 15 18 19 20 22 23 25 26 27 28 29 30","11 34 68 92 98 97 68 28 11 4 0 0",TRUE
416,17,"5 6 9 10 12 14 15 19 20 22 23 24 26 27 28 29 30","11 35 65 92 106 91 62 36 11 1 1 0",TRUE
417,17,"6 9 10 12 14 15 17 19 20 22 23 24 26 27 28 29 30","11 35 65 92 106 91 62 36 11 1 1 0",TRUE
418,17,"5 6 9 10 12 14 15 17 19 22 23 24 26 27 28 29 30","11 35 65 92 106 91 62 36 11 1 1 0",TRUE
419,17,"6 9 10 11 12 13 14 17 18 20 22 24 26 27 28 29 31","11 35 69 88 94 103 74 24 7 5 1 0",TRUE
420,17,"5 6 9 10 12 15 19 20 22 23 24 25 26 27 28 29 30","11 36 64 88 110 97 56 32 15 2 0 0",TRUE
421,17,"3 6 9 10 12 15 19 20 22 23 24 25 26 27 28 29 30","11 36 64 88 110 97 56 32 15 2 0 0",TRUE
422,17,"5 9 10 12 14 15 17 19 20 22 23 24 26 27 28 29 30","11 36 64 88 110 97 56 32 15 2 0 0",TRUE
423,17,"5 9 10 12 15 18 19 20 22 23 24 25 26 27 28 29 30","11 37 65 84 106 103 62 28 11 3 1 0",TRUE
424,17,"3 5 6 9 12 15 18 19 22 23 24 25 26 27 28 29 30","11 37 65 84 106 103 62 28 11 3 1 0",TRUE
425,17,"6 10 12 14 15 17 18 19 20 22 23 24 26 27 28 29 30","11 37 65 84 106 103 62 28 11 3 1 0",TRUE
426,17,"5 6 9 10 12 14 18 19 20 22 23 25 26 27 28 29 30","12 32 65 100 100 85 70 36 8 2 1 0",TRUE
427,17,"6 7 9 11 13 14 17 18 20 22 23 24 26 27 28 30 31","12 33 64 96 104 91 64 32 12 3 0 0",TRUE
428,17,"6 7 9 10 11 13 14 17 20 22 23 24 26 27 28 30 31","12 33 64 96 104 91 64 32 12 3 0 0",TRUE
429,17,"7 9 10 11 12 13 14 17 18 20 22 23 24 26 28 30 31","12 33 64 96 104 91 64 32 12 3 0 0",TRUE
430,17,"6 7 9 11 12 13 14 18 20 22 23 24 26 27 28 29 31","12 33 64 96 104 91 64 32 12 3 0 0",TRUE
431,17,"5 6 9 12 14 15 18 19 20 22 24 25 26 27 28 29 30","12 33 64 96 104 91 64 32 12 3 0 0",TRUE
432,17,"6 9 10 12 14 15 18 19 20 22 23 25 26 27 28 29 30","12 33 64 96 104 91 64 32 12 3 0 0",TRUE
433,17,"5 6 10 12 14 15 18 19 20 22 23 25 26 27 28 29 30","12 33 64 96 104 91 64 32 12 3 0 0",TRUE
434,17,"5 6 9 12 14 15 18 19 20 22 23 25 26 27 28 29 30","12 33 64 96 104 91 64 32 12 3 0 0",TRUE
436,17,"7 9 10 11 12 13 14 17 20 22 23 24 26 27 28 30 31","12 34 64 93 104 93 64 34 12 0 0 1",TRUE
437,17,"7 9 10 11 12 13 14 18 20 22 23 24 26 27 28 29 31","12 34 64 93 104 93 64 34 12 0 0 1",TRUE
438,17,"3 6 10 12 15 19 20 21 22 23 24 25 26 27 28 29 30","12 34 64 93 104 93 64 34 12 0 0 1",TRUE
439,17,"5 6 10 12 14 18 19 20 22 23 24 25 26 27 28 29 30","12 34 64 93 104 93 64 34 12 0 0 1",TRUE
440,17,"3 6 9 10 15 19 20 21 22 23 24 25 26 27 28 29 30","12 34 65 92 100 97 70 28 8 4 1 0",TRUE
441,17,"5 9 10 12 14 15 18 19 20 22 24 25 26 27 28 29 30","12 34 65 92 100 97 70 28 8 4 1 0",TRUE
442,17,"3 9 10 12 14 15 17 19 20 22 23 24 26 27 28 29 30","12 35 60 92 116 91 52 36 16 1 0 0",TRUE
443,17,"9 10 11 12 13 14 17 18 20 22 23 24 26 27 28 29 31","12 35 64 88 104 103 64 24 12 5 0 0",TRUE
444,17,"6 9 10 11 12 13 14 17 18 20 23 24 26 27 28 29 31","12 35 64 88 104 103 64 24 12 5 0 0",TRUE
445,17,"3 9 10 12 15 19 20 21 22 23 24 25 26 27 28 29 30","12 35 64 88 104 103 64 24 12 5 0 0",TRUE
446,17,"6 9 10 12 14 15 18 19 20 22 24 25 26 27 28 29 30","12 35 64 88 104 103 64 24 12 5 0 0",TRUE
447,17,"5 6 9 10 12 14 15 18 19 22 24 25 26 27 28 29 30","12 35 64 88 104 103 64 24 12 5 0 0",TRUE
448,17,"6 9 10 12 15 18 19 20 22 23 24 25 26 27 28 29 30","12 36 61 88 112 97 58 32 12 2 1 0",TRUE
449,17,"9 10 12 14 15 17 18 19 20 22 23 24 26 27 28 29 30","12 36 61 88 112 97 58 32 12 2 1 0",TRUE
450,17,"3 10 12 14 15 17 18 19 20 22 23 24 26 27 28 29 30","12 36 61 88 112 97 58 32 12 2 1 0",TRUE
451,17,"3 6 9 10 12 15 18 19 22 23 24 25 26 27 28 29 30","12 37 60 84 116 103 52 28 16 3 0 0",TRUE
453,17,"5 6 9 10 11 12 13 14 17 20 23 24 26 27 28 29 31","12 37 64 80 104 115 64 16 12 7 0 0",TRUE
456,17,"6 7 9 11 12 13 14 18 20 22 23 24 26 27 28 30 31","13 31 61 104 106 79 66 40 9 1 1 0",TRUE
457,17,"5 6 9 12 14 15 17 19 22 23 24 25 26 27 28 29 30","13 32 60 100 110 85 60 36 13 2 0 0",TRUE
458,17,"5 6 9 12 14 15 19 20 22 23 24 25 26 27 28 29 30","13 32 60 100 110 85 60 36 13 2 0 0",TRUE
459,17,"7 9 10 11 12 13 14 18 20 22 23 24 26 27 28 30 31","13 33 61 96 106 91 66 32 9 3 1 0",TRUE
460,17,"9 10 11 12 13 14 17 18 20 22 23 24 26 27 28 30 31","13 33 61 96 106 91 66 32 9 3 1 0",TRUE
461,17,"6 9 10 11 12 13 14 18 20 22 23 24 26 27 28 30 31","13 33 61 96 106 91 66 32 9 3 1 0",TRUE
462,17,"5 10 11 12 13 14 17 18 22 23 24 26 27 28 29 30 31","13 33 61 96 106 91 66 32 9 3 1 0",TRUE
463,17,"6 9 10 11 12 13 14 18 20 22 23 24 26 27 28 29 31","13 33 61 96 106 91 66 32 9 3 1 0",TRUE
464,17,"6 9 10 12 14 15 17 19 22 23 24 25 26 27 28 29 30","13 33 61 96 106 91 66 32 9 3 1 0",TRUE
465,17,"5 6 9 12 14 18 19 20 22 23 24 25 26 27 28 29 30","13 33 61 96 106 91 66 32 9 3 1 0",TRUE
466,17,"6 9 10 12 14 15 19 20 22 23 24 25 26 27 28 29 30","13 33 61 96 106 91 66 32 9 3 1 0",TRUE
467,17,"3 5 6 9 12 14 18 19 22 23 24 25 26 27 28 29 30","13 33 61 96 106 91 66 32 9 3 1 0",TRUE
468,17,"6 9 10 12 15 19 20 21 22 23 24 25 26 27 28 29 30","13 34 60 92 110 97 60 28 13 4 0 0",TRUE
469,17,"5 9 10 12 14 15 17 19 22 23 24 25 26 27 28 29 30","13 34 60 92 110 97 60 28 13 4 0 0",TRUE
470,17,"5 6 12 14 15 18 19 20 22 23 24 25 26 27 28 29 30","13 34 60 92 110 97 60 28 13 4 0 0",TRUE
471,17,"6 9 12 14 15 18 19 20 22 23 24 25 26 27 28 29 30","13 34 60 92 110 97 60 28 13 4 0 0",TRUE
472,17,"5 6 9 10 15 19 20 21 22 23 24 25 26 27 28 29 30","13 35 61 88 106 103 66 24 9 5 1 0",TRUE
473,17,"9 10 12 14 15 18 19 20 22 23 24 25 26 27 28 29 30","13 35 61 88 106 103 66 24 9 5 1 0",TRUE
474,17,"3 6 9 12 15 18 19 20 22 23 24 25 26 27 28 29 30","13 37 57 84 118 103 54 28 13 3 1 0",TRUE
475,17,"3 6 10 14 15 17 18 19 20 22 23 24 26 27 28 29 30","13 37 57 84 118 103 54 28 13 3 1 0",TRUE
476,17,"5 9 12 15 17 18 19 20 22 23 24 25 26 27 28 29 30","13 39 61 80 106 103 66 32 9 1 1 0",TRUE
477,17,"6 7 9 11 13 14 18 20 22 23 24 26 27 28 29 30 31","14 31 56 104 116 79 56 40 14 1 0 0",TRUE
478,17,"5 7 12 13 14 17 18 20 22 23 24 25 26 27 28 29 30","14 32 57 100 112 85 62 36 10 2 1 0",TRUE
479,17,"5 10 11 12 13 14 17 18 20 22 24 25 26 27 28 29 30","14 32 57 100 112 85 62 36 10 2 1 0",TRUE
480,17,"6 7 9 10 11 13 14 18 20 22 23 24 26 27 28 30 31","14 33 56 96 116 91 56 32 14 3 0 0",TRUE
481,17,"6 9 10 12 14 17 19 21 22 23 24 25 26 27 28 29 30","14 33 56 96 116 91 56 32 14 3 0 0",TRUE
482,17,"3 6 9 12 14 15 18 19 22 23 24 25 26 27 28 29 30","14 33 56 96 116 91 56 32 14 3 0 0",TRUE
483,17,"6 9 10 12 14 15 17 18 19 22 24 25 26 27 28 29 30","14 33 56 96 116 91 56 32 14 3 0 0",TRUE
484,17,"5 6 9 10 12 19 20 21 22 23 24 25 26 27 28 29 30","14 34 56 93 116 93 56 34 14 0 0 1",TRUE
485,17,"5 6 9 12 14 17 19 20 22 23 24 25 26 27 28 29 30","14 34 56 93 116 93 56 34 14 0 0 1",TRUE
486,17,"9 10 12 14 15 17 18 19 22 23 24 25 26 27 28 29 30","14 34 56 93 116 93 56 34 14 0 0 1",TRUE
487,17,"7 11 12 13 14 17 18 20 22 23 24 25 26 27 28 29 30","14 34 57 92 112 97 62 28 10 4 1 0",TRUE
488,17,"10 11 12 13 14 17 18 20 22 23 24 26 27 28 29 30 31","14 34 57 92 112 97 62 28 10 4 1 0",TRUE
490,17,"5 6 9 10 11 12 13 14 20 22 23 24 26 27 28 29 31","14 35 56 88 116 103 56 24 14 5 0 0",TRUE
491,17,"6 9 10 11 12 13 14 18 20 22 24 26 27 28 29 30 31","14 36 61 88 100 97 74 32 6 2 1 0",TRUE
492,17,"9 10 11 12 13 14 17 18 20 22 24 26 27 28 29 30 31","14 37 60 84 104 103 68 28 10 3 0 0",TRUE
493,17,"6 9 12 15 18 19 20 21 22 23 24 25 26 27 28 29 30","14 37 60 84 104 103 68 28 10 3 0 0",TRUE
495,17,"9 10 12 15 17 18 19 20 22 23 24 25 26 27 28 29 30","14 39 56 80 116 103 56 32 14 1 0 0",TRUE
496,17,"6 9 10 12 14 17 18 20 21 22 25 26 27 28 29 30 31","15 33 53 96 118 91 58 32 11 3 1 0",TRUE
497,17,"3 5 10 11 12 13 14 18 20 22 24 26 27 28 29 30 31","15 33 53 96 118 91 58 32 11 3 1 0",TRUE
498,17,"9 10 12 14 15 17 19 21 22 23 24 25 26 27 28 29 30","15 33 53 96 118 91 58 32 11 3 1 0",TRUE
499,17,"3 6 9 12 14 18 19 20 22 23 24 25 26 27 28 29 30","15 35 53 88 118 103 58 24 11 5 1 0",TRUE
500,17,"5 7 10 11 12 13 14 18 22 24 25 26 27 28 29 30 31","15 35 57 92 106 91 70 36 7 1 1 0",TRUE
501,17,"9 10 12 15 18 19 20 21 22 23 24 25 26 27 28 29 30","15 36 56 88 110 97 64 32 11 2 0 0",TRUE
502,17,"6 9 10 12 18 19 20 21 22 23 24 25 26 27 28 29 30","15 36 56 88 110 97 64 32 11 2 0 0",TRUE
503,17,"9 12 14 15 17 18 19 20 22 23 24 25 26 27 28 29 30","15 36 56 88 110 97 64 32 11 2 0 0",TRUE
505,17,"5 6 7 9 10 11 13 14 20 22 23 24 26 27 28 30 31","16 33 48 96 128 91 48 32 16 3 0 0",TRUE
506,17,"3 6 9 12 14 17 18 19 22 23 24 25 26 27 28 29 30","16 34 48 93 128 93 48 34 16 0 0 1",TRUE
507,17,"5 10 11 12 13 14 17 18 22 24 25 26 27 28 29 30 31","16 35 52 92 116 91 60 36 12 1 0 0",TRUE
508,17,"3 5 10 12 14 17 19 21 22 23 24 25 26 27 28 29 30","16 36 53 88 112 97 66 32 8 2 1 0",TRUE
509,17,"5 6 9 10 18 19 20 21 22 23 24 25 26 27 28 29 30","16 37 52 84 116 103 60 28 12 3 0 0",TRUE
513,17,"10 12 15 17 18 19 20 21 22 23 24 25 26 27 28 29 30","17 43 61 80 98 95 66 32 13 5 1 0",TRUE
514,17,"6 10 12 17 18 19 20 21 22 23 24 25 26 27 28 29 30","17 43 61 80 98 95 66 32 13 5 1 0",TRUE
515,17,"9 10 12 17 18 19 20 21 22 23 24 25 26 27 28 29 30","18 42 56 85 108 85 56 42 18 0 0 1",TRUE
516,17,"9 10 11 12 13 14 18 20 22 24 25 26 27 28 29 30 31","18 42 57 84 104 89 62 36 14 4 1 0",TRUE
279,18,"3 5 6 9 10 12 15 18 19 20 22 23 24 26 27 28 29 30","4 38 32 52 56 33 32 4 4 0 0",TRUE
280,18,"5 6 9 10 12 15 17 18 19 20 22 23 24 26 27 28 29 30","4 38 33 52 52 33 38 4 0 0 1",TRUE
281,18,"5 6 9 10 12 15 17 18 19 20 22 23 24 25 27 28 29 30","4 39 32 48 56 39 32 0 4 1 0",TRUE
283,18,"6 7 9 10 11 12 13 14 17 18 20 22 24 26 27 28 29 31","6 28 51 42 42 51 28 6 0 0 1",TRUE
284,18,"5 6 9 10 12 14 15 18 19 20 22 23 24 26 27 28 29 30","6 29 46 46 50 41 26 10 0 1 0",TRUE
285,18,"3 5 6 9 10 12 15 19 20 22 23 24 25 26 27 28 29 30","6 30 44 44 56 41 20 12 2 0 0",TRUE
286,18,"3 5 6 9 10 12 15 18 19 22 23 24 25 26 27 28 29 30","6 31 44 40 56 47 20 8 2 1 0",TRUE
288,18,"6 7 9 11 12 13 14 17 18 20 22 23 24 26 27 28 29 31","7 26 48 48 46 45 24 8 3 0 0",TRUE
289,18,"5 6 9 10 12 14 15 17 19 20 22 23 24 26 27 28 29 30","7 28 42 50 56 35 22 14 1 0 0",TRUE
290,18,"7 9 10 11 12 13 14 17 18 20 22 23 24 26 27 28 29 31","7 28 46 42 52 51 18 6 5 0 0",TRUE
291,18,"5 6 9 10 12 15 18 19 20 22 23 24 25 26 27 28 29 30","7 29 42 46 56 41 22 10 1 1 0",TRUE
292,18,"6 9 10 12 14 15 17 18 19 20 22 23 24 26 27 28 29 30","7 29 42 46 56 41 22 10 1 1 0",TRUE
293,18,"6 7 9 10 11 12 13 14 17 18 20 22 23 24 26 28 30 31","8 23 48 56 40 39 32 8 0 1 0",TRUE
294,18,"5 6 9 10 12 14 15 18 19 20 22 23 25 26 27 28 29 30","8 24 46 54 46 39 26 10 2 0 0",TRUE
295,18,"6 9 10 11 12 13 14 17 18 20 22 23 24 26 27 28 29 31","8 25 46 50 46 45 26 6 2 1 0",TRUE
296,18,"5 6 9 10 12 14 15 18 19 20 22 24 25 26 27 28 29 30","8 25 46 50 46 45 26 6 2 1 0",TRUE
297,18,"3 6 9 10 12 15 19 20 21 22 23 24 25 26 27 28 29 30","8 26 44 48 52 45 20 8 4 0 0",TRUE
298,18,"5 6 10 12 14 15 18 19 20 22 23 24 25 26 27 28 29 30","8 26 44 48 52 45 20 8 4 0 0",TRUE
299,18,"3 5 6 9 10 15 19 20 21 22 23 24 25 26 27 28 29 30","8 26 45 48 48 45 26 8 0 0 1",TRUE
300,18,"5 9 10 12 14 15 18 19 20 22 23 24 25 26 27 28 29 30","8 26 45 48 48 45 26 8 0 0 1",TRUE
301,18,"5 6 9 10 11 12 13 14 17 20 22 23 24 26 27 28 29 31","8 27 44 44 52 51 20 4 4 1 0",TRUE
302,18,"3 9 10 12 14 15 17 18 19 20 22 23 24 26 27 28 29 30","8 28 38 50 62 35 18 14 2 0 0",TRUE
303,18,"3 6 9 10 12 15 18 19 20 22 23 24 25 26 27 28 29 30","8 29 38 46 62 41 18 10 2 1 0",TRUE
306,18,"6 7 9 11 12 13 14 17 18 20 22 23 24 26 27 28 30 31","9 22 44 60 46 33 28 12 1 0 0",TRUE
307,18,"6 9 10 11 12 13 14 17 18 20 22 23 24 26 27 28 30 31","9 23 44 56 46 39 28 8 1 1 0",TRUE
308,18,"7 9 10 11 12 13 14 17 18 20 22 23 24 26 27 28 30 31","9 24 42 54 52 39 22 10 3 0 0",TRUE
309,18,"6 7 9 10 11 13 14 17 18 20 22 23 24 26 27 28 30 31","9 24 42 54 52 39 22 10 3 0 0",TRUE
310,18,"5 6 10 11 12 13 14 17 18 22 23 24 26 27 28 29 30 31","9 24 42 54 52 39 22 10 3 0 0",TRUE
311,18,"6 7 9 10 11 12 13 14 18 20 22 23 24 26 27 28 29 31","9 24 42 54 52 39 22 10 3 0 0",TRUE
312,18,"5 6 9 10 12 14 15 17 19 22 23 24 25 26 27 28 29 30","9 24 42 54 52 39 22 10 3 0 0",TRUE
313,18,"5 6 9 12 14 15 18 19 20 22 23 24 25 26 27 28 29 30","9 24 42 54 52 39 22 10 3 0 0",TRUE
314,18,"5 6 9 10 12 14 15 19 20 22 23 24 25 26 27 28 29 30","9 24 42 54 52 39 22 10 3 0 0",TRUE
315,18,"3 5 6 9 12 14 15 18 19 22 23 24 25 26 27 28 29 30","9 24 42 54 52 39 22 10 3 0 0",TRUE
317,18,"6 10 11 12 13 14 17 18 20 22 23 24 26 27 28 29 30 31","9 25 42 50 52 45 22 6 3 1 0",TRUE
318,18,"6 9 10 12 14 15 18 19 20 22 23 24 25 26 27 28 29 30","9 25 42 50 52 45 22 6 3 1 0",TRUE
319,18,"5 6 9 10 12 15 19 20 21 22 23 24 25 26 27 28 29 30","9 26 40 48 58 45 16 8 5 0 0",TRUE
323,18,"5 7 10 12 13 14 17 18 20 22 23 24 25 26 27 28 29 30","10 22 40 60 52 33 24 12 2 0 0",TRUE
324,18,"5 7 10 11 12 13 14 17 18 20 22 24 25 26 27 28 29 30","10 22 40 60 52 33 24 12 2 0 0",TRUE
325,18,"5 7 11 12 13 14 17 18 20 22 23 24 25 26 27 28 29 30","10 23 40 56 52 39 24 8 2 1 0",TRUE
327,18,"6 7 9 10 11 12 13 14 18 20 22 23 24 26 27 28 30 31","10 23 40 56 52 39 24 8 2 1 0",TRUE
328,18,"5 6 7 9 10 11 13 14 17 20 22 23 24 26 27 28 30 31","10 23 40 56 52 39 24 8 2 1 0",TRUE
329,18,"5 10 11 12 13 14 17 18 20 22 23 24 26 27 28 29 30 31","10 23 40 56 52 39 24 8 2 1 0",TRUE
330,18,"3 5 10 11 12 13 14 17 18 20 22 24 26 27 28 29 30 31","10 23 40 56 52 39 24 8 2 1 0",TRUE
331,18,"5 6 9 10 11 12 13 14 18 20 22 23 24 26 27 28 29 31","10 23 40 56 52 39 24 8 2 1 0",TRUE
332,18,"6 9 10 12 14 15 17 19 21 22 23 24 25 26 27 28 29 30","10 23 40 56 52 39 24 8 2 1 0",TRUE
333,18,"5 6 9 12 14 15 17 19 20 22 23 24 25 26 27 28 29 30","10 24 38 54 58 39 18 10 4 0 0",TRUE
334,18,"6 9 10 12 14 15 17 18 19 22 23 24 25 26 27 28 29 30","10 24 38 54 58 39 18 10 4 0 0",TRUE
335,18,"6 9 10 12 14 15 17 19 20 22 23 24 25 26 27 28 29 30","10 24 39 54 54 39 24 10 0 0 1",TRUE
336,18,"3 5 6 9 12 14 18 19 20 22 23 24 25 26 27 28 29 30","10 24 39 54 54 39 24 10 0 0 1",TRUE
337,18,"9 10 12 13 14 15 17 18 19 20 22 23 24 26 27 28 29 30","10 24 39 54 54 39 24 10 0 0 1",TRUE
338,18,"5 6 9 10 12 13 14 15 19 20 22 23 24 26 27 28 29 30","10 24 39 54 54 39 24 10 0 0 1",TRUE
340,18,"3 6 9 12 14 15 18 19 20 22 23 24 25 26 27 28 29 30","10 25 38 50 58 45 18 6 4 1 0",TRUE
341,18,"3 6 9 10 12 14 15 18 19 22 23 24 25 26 27 28 29 30","10 25 38 50 58 45 18 6 4 1 0",TRUE
342,18,"5 6 9 10 12 14 15 17 18 19 22 24 25 26 27 28 29 30","10 25 38 50 58 45 18 6 4 1 0",TRUE
343,18,"6 9 10 11 12 13 14 17 18 20 22 24 26 27 28 29 30 31","10 25 42 50 46 45 30 6 0 1 0",TRUE
344,18,"6 9 10 12 15 18 19 20 21 22 23 24 25 26 27 28 29 30","10 26 40 48 52 45 24 8 2 0 0",TRUE
345,18,"5 9 12 14 15 17 18 19 20 22 23 24 25 26 27 28 29 30","10 26 40 48 52 45 24 8 2 0 0",TRUE
346,18,"5 6 7 9 10 11 12 13 14 20 22 23 24 26 27 28 29 31","10 27 36 44 64 51 12 4 6 1 0",TRUE
347,18,"5 6 9 10 15 18 19 20 21 22 23 24 25 26 27 28 29 30","10 27 40 44 52 51 24 4 2 1 0",TRUE
349,18,"6 7 9 10 12 14 17 18 20 21 22 25 26 27 28 29 30 31","11 22 36 60 58 33 20 12 3 0 0",TRUE
350,18,"6 7 9 11 12 13 14 18 20 22 23 24 26 27 28 29 30 31","11 22 36 60 58 33 20 12 3 0 0",TRUE
351,18,"3 5 10 11 12 13 14 18 20 22 23 24 26 27 28 29 30 31","11 22 36 60 58 33 20 12 3 0 0",TRUE
352,18,"5 6 7 12 13 14 17 18 20 22 23 24 25 26 27 28 29 30","11 23 36 56 58 39 20 8 3 1 0",TRUE
353,18,"5 9 10 12 14 15 17 19 21 22 23 24 25 26 27 28 29 30","11 23 36 56 58 39 20 8 3 1 0",TRUE
354,18,"3 6 9 12 14 15 17 18 19 22 23 24 25 26 27 28 29 30","11 24 34 54 64 39 14 10 5 0 0",TRUE
355,18,"5 7 10 11 12 13 14 17 18 22 24 25 26 27 28 29 30 31","11 24 38 54 52 39 26 10 1 0 0",TRUE
356,18,"7 9 10 11 12 13 14 18 20 22 23 24 26 27 28 29 30 31","11 24 38 54 52 39 26 10 1 0 0",TRUE
357,18,"6 9 10 11 12 13 14 18 20 22 23 24 26 27 28 29 30 31","11 24 38 54 52 39 26 10 1 0 0",TRUE
358,18,"9 10 11 12 13 14 17 18 20 22 23 24 26 27 28 29 30 31","11 25 38 50 52 45 26 6 1 1 0",TRUE
359,18,"3 5 10 12 14 15 17 19 21 22 23 24 25 26 27 28 29 30","11 25 38 50 52 45 26 6 1 1 0",TRUE
360,18,"5 6 9 10 12 18 19 20 21 22 23 24 25 26 27 28 29 30","11 26 36 48 58 45 20 8 3 0 0",TRUE
362,18,"9 10 12 14 15 17 18 19 20 22 23 24 25 26 27 28 29 30","11 26 36 48 58 45 20 8 3 0 0",TRUE
363,18,"6 9 10 11 12 14 17 18 20 21 22 25 26 27 28 29 30 31","12 22 33 60 60 33 22 12 0 0 1",TRUE
364,18,"3 5 7 10 11 12 13 14 18 20 22 24 25 26 27 28 29 30","12 22 33 60 60 33 22 12 0 0 1",TRUE
366,18,"5 6 7 9 10 11 13 14 18 20 22 23 24 26 27 28 30 31","12 23 32 56 64 39 16 8 4 1 0",TRUE
367,18,"5 10 11 12 13 14 17 18 20 22 24 25 26 27 28 29 30 31","12 24 34 54 58 39 22 10 2 0 0",TRUE
368,18,"5 7 10 11 12 13 14 18 20 22 24 25 26 27 28 29 30 31","12 24 34 54 58 39 22 10 2 0 0",TRUE
369,18,"3 5 9 10 12 14 17 19 21 22 23 24 25 26 27 28 29 30","12 24 34 54 58 39 22 10 2 0 0",TRUE
370,18,"5 6 9 10 11 12 13 14 20 22 23 24 26 27 28 29 30 31","12 25 34 50 58 45 22 6 2 1 0",TRUE
372,18,"6 10 12 15 17 18 19 20 21 22 23 24 25 26 27 28 29 30","12 30 41 44 44 41 30 12 0 0 1",TRUE
375,18,"5 6 9 10 14 17 19 20 21 22 23 24 25 26 27 28 29 30","13 24 30 54 64 39 18 10 3 0 0",TRUE
378,18,"7 9 10 11 12 13 14 18 20 22 24 25 26 27 28 29 30 31","13 29 38 46 48 41 26 10 3 1 0",TRUE
379,18,"6 9 10 11 12 13 14 18 20 22 24 25 26 27 28 29 30 31","13 29 38 46 48 41 26 10 3 1 0",TRUE
380,18,"9 10 12 15 17 18 19 20 21 22 23 24 25 26 27 28 29 30","13 30 36 44 54 41 20 12 5 0 0",TRUE
382,18,"9 10 12 13 14 15 17 18 20 21 22 23 25 26 28 29 30 31","14 23 24 56 76 39 8 8 6 1 0",TRUE
383,18,"6 9 10 11 12 13 14 20 22 23 24 25 26 27 28 29 30 31","14 28 34 50 54 35 22 14 4 0 0",TRUE
384,18,"9 10 11 12 13 14 18 20 22 23 24 25 26 27 28 29 30 31","14 28 35 50 50 35 28 14 0 0 1",TRUE
386,18,"9 10 11 12 13 14 17 18 20 23 24 25 26 27 28 29 30 31","14 29 34 46 54 41 22 10 4 1 0",TRUE
189,19,"5 6 9 10 12 14 15 17 18 19 20 22 23 24 26 27 28 29 30","3 25 23 27 25 10 13 1 0 0",TRUE
190,19,"3 5 6 9 10 12 15 18 19 20 22 23 24 25 26 27 28 29 30","3 26 22 24 28 13 10 0 1 0",TRUE
191,19,"6 7 9 10 11 12 13 14 17 18 20 22 23 24 26 27 28 29 31","4 20 32 22 20 19 8 2 0 0",TRUE
192,19,"3 5 6 9 10 12 15 19 20 21 22 23 24 25 26 27 28 29 30","4 22 28 20 28 17 4 4 0 0",TRUE
193,19,"5 6 7 9 10 11 12 13 14 17 20 22 23 24 26 27 28 29 31","4 23 28 16 28 23 4 0 0 1",TRUE
196,19,"5 6 9 10 11 12 13 14 17 18 20 22 23 24 26 27 28 29 31","5 18 32 24 18 21 8 0 1 0",TRUE
197,19,"5 6 9 10 12 14 15 18 19 20 22 23 24 25 26 27 28 29 30","5 19 29 25 23 16 7 3 0 0",TRUE
198,19,"3 5 6 9 10 12 14 15 18 19 22 23 24 25 26 27 28 29 30","5 20 28 22 26 19 4 2 1 0",TRUE
200,19,"6 7 9 10 11 12 13 14 17 18 20 22 23 24 26 27 28 30 31","6 16 30 30 18 15 10 2 0 0",TRUE
201,19,"3 5 6 10 11 12 13 14 17 18 20 22 24 26 27 28 29 30 31","6 16 30 30 18 15 10 2 0 0",TRUE
202,19,"5 6 10 11 12 13 14 17 18 20 22 23 24 26 27 28 29 30 31","6 17 29 27 21 18 7 1 1 0",TRUE
203,19,"5 6 9 10 12 14 15 17 19 20 22 23 24 25 26 27 28 29 30","6 18 26 28 26 13 6 4 0 0",TRUE
204,19,"3 5 6 9 12 14 15 18 19 20 22 23 24 25 26 27 28 29 30","6 18 26 28 26 13 6 4 0 0",TRUE
205,19,"6 9 10 12 13 14 15 17 18 19 20 22 23 24 26 27 28 29 30","6 18 26 28 26 13 6 4 0 0",TRUE
210,19,"3 6 9 10 12 14 15 18 19 20 22 23 24 25 26 27 28 29 30","6 19 26 24 26 19 6 0 0 1",TRUE
211,19,"5 6 9 10 12 15 18 19 20 21 22 23 24 25 26 27 28 29 30","6 20 26 22 26 19 6 2 0 0",TRUE
213,19,"5 7 10 11 12 13 14 17 18 20 22 23 24 25 26 27 28 29 30","7 15 27 33 21 12 9 3 0 0",TRUE
214,19,"5 6 7 10 11 12 13 14 18 20 22 23 24 25 26 27 28 29 30","7 15 27 33 21 12 9 3 0 0",TRUE
215,19,"5 6 7 11 12 13 14 17 18 20 22 23 24 25 26 27 28 29 30","7 16 26 30 24 15 6 2 1 0",TRUE
217,19,"5 6 7 9 10 11 13 14 17 18 20 22 23 24 26 27 28 30 31","7 16 26 30 24 15 6 2 1 0",TRUE
218,19,"3 5 10 11 12 13 14 17 18 20 22 23 24 26 27 28 29 30 31","7 16 26 30 24 15 6 2 1 0",TRUE
219,19,"5 6 7 9 10 11 12 13 14 18 20 22 23 24 26 27 28 29 31","7 16 26 30 24 15 6 2 1 0",TRUE
220,19,"5 6 9 10 12 14 15 17 19 21 22 23 24 25 26 27 28 29 30","7 16 26 30 24 15 6 2 1 0",TRUE
221,19,"6 9 10 11 12 13 14 17 18 20 22 23 24 26 27 28 29 30 31","7 17 27 27 21 18 9 1 0 0",TRUE
222,19,"3 5 6 10 12 14 15 17 19 21 22 23 24 25 26 27 28 29 30","7 17 27 27 21 18 9 1 0 0",TRUE
223,19,"3 6 9 10 12 14 15 17 18 19 22 23 24 25 26 27 28 29 30","7 18 22 28 32 13 2 4 1 0",TRUE
225,19,"5 6 9 10 11 12 13 14 17 20 22 23 24 26 27 28 29 30 31","7 18 26 24 24 21 6 0 1 0",TRUE
227,19,"3 5 6 9 10 12 18 19 20 21 22 23 24 25 26 27 28 29 30","7 20 22 22 32 19 2 2 1 0",TRUE
228,19,"6 7 9 10 11 12 14 17 18 20 21 22 25 26 27 28 29 30 31","8 14 24 36 24 9 8 4 0 0",TRUE
229,19,"3 5 7 10 11 12 13 14 18 20 22 23 24 25 26 27 28 29 30","8 14 24 36 24 9 8 4 0 0",TRUE
230,19,"5 7 10 11 12 13 14 17 18 20 22 23 24 25 26 27 29 30 31","8 15 23 33 27 12 5 3 1 0",TRUE
231,19,"3 9 10 12 13 14 15 17 18 20 21 22 23 25 26 28 29 30 31","8 15 24 32 24 15 8 0 0 1",TRUE
233,19,"5 6 7 10 12 13 14 17 18 20 22 24 25 26 27 28 29 30 31","8 15 24 32 24 15 8 0 0 1",TRUE
234,19,"5 6 7 9 10 11 12 13 14 18 20 22 23 24 26 27 28 30 31","8 15 24 32 24 15 8 0 0 1",TRUE
235,19,"5 7 10 11 12 13 14 17 18 20 22 24 25 26 27 28 29 30 31","8 16 24 30 24 15 8 2 0 0",TRUE
236,19,"5 6 7 10 11 12 13 14 18 20 22 24 25 26 27 28 29 30 31","8 16 24 30 24 15 8 2 0 0",TRUE
237,19,"6 7 9 10 11 12 13 14 18 20 22 23 24 26 27 28 29 30 31","8 16 24 30 24 15 8 2 0 0",TRUE
238,19,"5 6 9 10 11 12 13 14 18 20 22 23 24 26 27 28 29 30 31","8 16 24 30 24 15 8 2 0 0",TRUE
239,19,"5 6 9 10 14 15 17 19 20 21 22 23 24 25 26 27 28 29 30","8 16 24 30 24 15 8 2 0 0",TRUE
241,19,"3 5 9 10 12 14 15 17 19 21 22 23 24 25 26 27 28 29 30","8 17 23 27 27 18 5 1 1 0",TRUE
247,19,"5 6 7 9 10 11 13 14 18 20 22 23 24 26 27 28 29 30 31","9 14 20 36 30 9 4 4 1 0",TRUE
248,19,"6 9 10 11 12 14 17 18 20 21 22 23 25 26 27 28 29 30 31","9 15 21 33 27 12 7 3 0 0",TRUE
249,19,"6 7 9 10 12 14 17 18 20 21 22 23 25 26 27 28 29 30 31","9 15 21 33 27 12 7 3 0 0",TRUE
251,19,"5 6 9 10 12 14 17 19 20 21 22 23 24 25 26 27 28 29 30","9 16 20 30 30 15 4 2 1 0",TRUE
253,19,"9 10 12 13 14 15 17 18 19 20 22 23 24 25 26 27 28 29 30","9 17 21 27 27 18 7 1 0 0",TRUE
254,19,"5 6 7 9 10 11 12 13 14 20 22 23 24 26 27 28 29 30 31","9 18 20 24 30 21 4 0 1 0",TRUE
255,19,"6 7 9 10 11 12 13 14 18 20 22 24 25 26 27 28 29 30 31","9 19 25 25 19 16 11 3 0 0",TRUE
257,19,"6 9 10 11 12 13 14 17 18 20 23 24 25 26 27 28 29 30 31","9 20 24 22 22 19 8 2 1 0",TRUE
260,19,"3 5 7 10 11 12 13 14 18 20 22 24 25 26 27 28 29 30 31","10 16 18 30 30 15 6 2 0 0",TRUE
262,19,"6 9 10 11 12 13 14 18 20 22 23 24 25 26 27 28 29 30 31","10 18 22 28 22 13 10 4 0 0",TRUE
263,19,"6 10 13 14 15 17 18 19 20 21 22 23 24 25 26 27 28 29 30","10 18 22 28 22 13 10 4 0 0",TRUE
264,19,"9 10 12 14 15 17 18 19 20 21 22 23 24 25 26 27 28 29 30","10 19 21 25 25 16 7 3 1 0",TRUE
267,19,"7 9 10 11 12 13 14 17 18 20 23 24 25 26 27 28 29 30 31","10 19 22 24 22 19 10 0 0 1",TRUE
268,19,"9 10 12 13 14 15 17 18 20 21 22 23 25 26 27 28 29 30 31","11 16 14 30 36 15 2 2 1 0",TRUE
269,19,"5 6 9 10 11 12 13 14 20 22 23 24 25 26 27 28 29 30 31","11 18 18 28 28 13 6 4 1 0",TRUE
122,20,"5 6 7 9 10 11 12 13 14 17 18 20 22 23 24 26 27 28 29 31","2 14 22 8 6 9 2 0 0",TRUE
123,20,"3 5 6 9 10 12 14 15 18 19 20 22 23 24 25 26 27 28 29 30","2 16 16 12 10 3 4 0 0",TRUE
124,20,"3 5 6 9 10 12 15 18 19 20 21 22 23 24 25 26 27 28 29 30","2 18 14 8 14 5 2 0 0",TRUE
125,20,"3 5 6 10 11 12 13 14 17 18 20 22 23 24 26 27 28 29 30 31","3 13 19 11 9 6 1 1 0",TRUE
129,20,"5 6 7 9 10 11 12 13 14 17 18 20 22 23 24 26 27 28 30 31","4 10 20 16 4 5 4 0 0",TRUE
130,20,"5 6 7 10 11 12 13 14 17 18 20 22 23 24 25 26 27 28 29 30","4 11 18 15 8 4 2 1 0",TRUE
132,20,"5 6 9 10 11 12 13 14 17 18 20 22 23 24 26 27 28 29 30 31","4 12 18 12 8 7 2 0 0",TRUE
137,20,"3 5 7 10 11 12 13 14 17 18 20 22 23 24 25 26 27 28 29 30","5 9 17 19 7 2 3 1 0",TRUE
138,20,"5 6 7 10 11 12 13 14 17 18 20 22 23 24 25 26 27 29 30 31","5 10 16 16 10 5 0 0 1",TRUE
140,20,"3 5 6 7 9 10 11 12 13 14 18 20 22 23 24 26 27 28 29 31","5 10 16 16 10 5 0 0 1",TRUE
141,20,"5 6 7 10 11 12 13 14 17 18 20 22 24 25 26 27 28 29 30 31","5 10 17 16 7 5 3 0 0",TRUE
142,20,"3 5 6 9 10 11 12 13 14 18 20 22 23 24 26 27 28 29 30 31","5 11 15 15 11 4 1 1 0",TRUE
143,20,"5 6 9 10 12 14 15 17 19 20 21 22 23 24 25 26 27 28 29 30","5 11 15 15 11 4 1 1 0",TRUE
147,20,"5 6 9 10 11 12 13 14 17 18 20 23 24 25 26 27 28 29 30 31","5 15 15 7 11 8 1 1 0",TRUE
149,20,"6 7 9 10 11 12 14 17 18 20 21 22 23 25 26 27 28 29 30 31","6 9 14 19 10 2 2 1 0",TRUE
150,20,"3 9 10 12 13 14 15 17 18 20 21 22 23 25 26 27 28 29 30 31","6 10 14 16 10 5 2 0 0",TRUE
153,20,"5 6 7 10 12 13 14 17 18 20 22 23 24 25 26 27 28 29 30 31","6 10 14 16 10 5 2 0 0",TRUE
154,20,"3 5 7 10 11 12 13 14 17 18 20 22 24 25 26 27 28 29 30 31","6 10 14 16 10 5 2 0 0",TRUE
155,20,"5 6 7 9 10 11 12 13 14 18 20 22 23 24 26 27 28 29 30 31","6 10 14 16 10 5 2 0 0",TRUE
160,20,"6 7 9 10 11 12 13 14 17 18 20 23 24 25 26 27 28 29 30 31","6 12 16 12 6 7 4 0 0",TRUE
163,20,"3 5 7 10 11 12 13 14 18 20 22 23 24 25 26 27 28 29 30 31","7 9 11 19 13 2 1 1 0",TRUE
165,20,"5 6 9 10 11 12 13 14 18 20 22 23 24 25 26 27 28 29 30 31","7 11 13 15 9 4 3 1 0",TRUE
166,20,"6 10 12 13 14 15 17 18 19 20 21 22 23 24 25 26 27 28 29 30","7 11 13 15 9 4 3 1 0",TRUE
175,20,"5 6 7 9 10 11 12 13 14 20 22 23 24 25 26 27 28 29 30 31","8 12 10 12 12 7 2 0 0",TRUE
178,20,"5 6 9 10 11 12 13 14 20 21 22 23 24 25 26 27 28 29 30 31","9 11 7 15 15 4 1 1 0",TRUE
70,21,"3 5 6 7 9 10 11 12 13 14 17 18 20 22 23 24 26 27 28 29 31","0 10 16 0 0 5 0 0",TRUE
74,21,"3 5 6 9 10 11 12 13 14 17 18 20 22 23 24 26 27 28 29 30 31","1 10 11 4 3 1 1 0",TRUE
75,21,"3 5 6 9 10 11 12 13 14 17 18 20 23 24 25 26 27 28 29 30 31","1 14 7 0 7 1 1 0",TRUE
76,21,"3 5 6 7 10 11 12 13 14 17 18 20 22 23 24 25 26 27 28 29 30","2 7 12 7 2 0 0 1",TRUE
80,21,"3 5 6 7 10 11 12 13 14 17 18 20 22 24 25 26 27 28 29 30 31","3 6 11 8 1 1 1 0",TRUE
82,21,"5 6 7 9 10 11 12 13 14 17 18 20 23 24 25 26 27 28 29 30 31","3 8 11 4 1 3 1 0",TRUE
85,21,"3 6 7 9 10 11 12 14 17 18 20 21 22 23 25 26 27 28 29 30 31","4 5 9 10 2 0 1 0",TRUE
89,21,"3 5 6 7 9 10 11 12 13 14 18 20 22 23 24 26 27 28 29 30 31","4 6 8 8 4 1 0 0",TRUE
90,21,"3 5 6 9 10 11 12 13 14 18 20 22 23 24 25 26 27 28 29 30 31","4 7 8 7 4 0 0 1",TRUE
101,21,"3 5 6 9 10 11 12 13 14 20 21 22 23 24 25 26 27 28 29 30 31","5 6 7 8 3 1 1 0",TRUE
102,21,"5 6 7 9 10 11 12 13 14 18 20 22 23 24 25 26 27 28 29 30 31","5 6 7 8 3 1 1 0",TRUE
112,21,"5 6 7 9 10 11 12 13 14 20 21 22 23 24 25 26 27 28 29 30 31","7 8 3 4 5 3 1 0",TRUE
114,21,"9 10 11 12 13 14 15 17 18 19 20 21 22 23 25 26 27 28 29 30 31","8 7 0 7 8 0 0 1",TRUE
37,22,"3 5 6 7 9 10 11 12 13 14 17 18 20 23 24 25 26 27 28 29 30 31","0 7 7 0 0 0 1",TRUE
55,22,"3 5 6 7 9 10 11 12 13 14 20 21 22 23 24 25 26 27 28 29 30 31","4 3 3 4 0 0 1",TRUE
