"idx","num_of_columns","columns","wlp"
1,7,"1 2 4 8 16 15 19","0 0 0 1 2 0 0"
2,7,"1 2 4 8 16 31 7","0 0 0 2 0 1 0"
3,7,"1 2 4 8 16 7 11","0 0 0 3 0 0 0"
4,7,"1 2 4 8 7 11 13","0 0 0 7 0 0 0"
5,7,"1 2 4 8 16 31 3","0 0 1 0 1 1 0"
6,7,"1 2 4 8 16 7 24","0 0 1 1 0 0 1"
7,7,"1 2 4 8 16 15 3","0 0 1 1 1 0 0"
8,7,"1 2 4 8 16 3 12","0 0 2 0 0 1 0"
9,7,"1 2 4 8 16 7 3","0 0 2 1 0 0 0"
10,7,"1 2 4 8 3 5 14","0 0 2 3 2 0 0"
11,7,"1 2 4 8 3 5 10","0 0 3 2 1 1 0"
12,7,"1 2 4 8 3 5 9","0 0 3 3 0 0 1"
13,7,"1 2 4 8 3 5 6","0 0 4 3 0 0 0"
14,7,"1 2 4 3 5 6 7","0 0 7 7 0 0 1"
15,8,"1 2 4 8 16 15 19 21","0 0 0 3 4 0 0 0"
16,8,"1 2 4 8 16 31 7 11","0 0 0 5 0 2 0 0"
17,8,"1 2 4 8 16 7 11 19","0 0 0 6 0 0 0 1"
18,8,"1 2 4 8 16 7 11 13","0 0 0 7 0 0 0 0"
19,8,"8 9 10 11 12 13 14 15","0 0 0 14 0 0 0 1"
20,8,"1 2 4 8 16 15 19 5","0 0 1 2 3 1 0 0"
21,8,"1 2 4 8 16 15 19 7","0 0 1 3 2 0 1 0"
22,8,"1 2 4 8 16 15 19 17","0 0 2 1 2 2 0 0"
23,8,"1 2 4 8 16 31 3 12","0 0 2 1 2 2 0 0"
24,8,"1 2 4 8 16 31 7 3","0 0 2 2 1 1 1 0"
25,8,"1 2 4 8 16 15 19 3","0 0 2 2 2 0 0 1"
26,8,"1 2 4 8 16 7 11 5","0 0 2 3 2 0 0 0"
27,8,"1 2 4 8 16 7 24 3","0 0 3 1 0 2 1 0"
28,8,"1 2 4 8 16 15 3 7","0 0 3 2 1 1 0 0"
29,8,"1 2 4 8 16 7 11 3","0 0 3 3 0 0 1 0"
30,8,"7 9 10 11 12 13 14 15","0 0 3 7 4 0 1 0"
31,8,"1 2 4 8 16 7 3 5","0 0 4 3 0 0 0 0"
32,8,"6 7 9 11 12 13 14 15","0 0 4 5 4 2 0 0"
33,8,"6 7 10 11 12 13 14 15","0 0 4 6 4 0 0 1"
34,8,"6 7 9 10 11 12 13 15","0 0 5 5 2 2 1 0"
35,8,"3 5 6 9 10 12 14 15","0 0 7 7 0 0 1 0"
36,9,"1 2 4 8 16 15 19 21 25","0 0 0 6 8 0 0 1 0"
37,9,"1 2 4 8 16 15 19 21 22","0 0 0 7 7 0 0 0 1"
38,9,"1 2 4 8 16 31 7 11 21","0 0 0 9 0 6 0 0 0"
39,9,"1 2 4 8 16 31 7 11 13","0 0 0 10 0 4 0 1 0"
40,9,"1 2 4 8 16 7 11 13 14","0 0 0 14 0 0 0 1 0"
41,9,"1 2 4 8 16 15 19 21 9","0 0 1 5 6 2 1 0 0"
42,9,"1 2 4 8 16 15 19 21 7","0 0 1 7 4 0 3 0 0"
43,9,"1 2 4 8 16 15 19 5 24","0 0 2 3 6 4 0 0 0"
44,9,"1 2 4 8 16 15 19 21 3","0 0 2 4 6 2 0 1 0"
45,9,"1 2 4 8 16 31 7 11 5","0 0 2 5 4 2 2 0 0"
46,9,"1 2 4 8 16 31 7 11 12","0 0 2 5 5 2 0 0 1"
47,9,"1 2 4 8 16 7 11 19 5","0 0 2 6 4 0 2 1 0"
48,9,"1 2 4 8 16 15 19 5 10","0 0 3 3 4 4 1 0 0"
49,9,"1 2 4 8 16 15 19 7 17","0 0 3 3 4 4 1 0 0"
50,9,"1 2 4 8 16 15 19 21 17","0 0 3 3 4 4 1 0 0"
51,9,"1 2 4 8 16 15 19 5 3","0 0 3 4 4 2 1 1 0"
52,9,"1 2 4 8 16 31 7 11 3","0 0 3 5 2 2 3 0 0"
53,9,"1 2 4 8 16 7 11 13 3","0 0 3 7 4 0 1 0 0"
54,9,"1 2 4 8 16 31 3 12 19","0 0 4 3 2 4 2 0 0"
55,9,"1 2 4 8 16 15 19 17 18","0 0 4 3 3 4 0 0 1"
56,9,"1 2 4 8 16 31 3 12 15","0 0 4 3 3 4 0 0 1"
57,9,"1 2 4 8 16 15 19 7 3","0 0 4 4 2 2 2 1 0"
58,9,"1 2 4 8 16 15 19 17 3","0 0 4 4 2 2 2 1 0"
59,9,"1 2 4 8 16 7 11 5 9","0 0 4 5 4 2 0 0 0"
60,9,"1 2 4 8 16 7 11 19 3","0 0 4 6 0 0 4 1 0"
61,9,"1 2 4 8 16 7 11 5 6","0 0 4 6 4 0 0 1 0"
62,9,"7 8 9 10 11 12 13 14 15","0 0 4 14 8 0 4 1 0"
63,9,"1 2 4 8 16 7 24 3 5","0 0 5 3 0 4 3 0 0"
64,9,"1 2 4 8 16 7 11 5 3","0 0 5 5 2 2 1 0 0"
65,9,"5 6 7 9 10 11 13 14 15","0 0 6 9 9 6 0 0 1"
66,9,"6 7 9 10 11 12 13 14 15","0 0 6 10 8 4 2 1 0"
67,9,"1 2 4 8 16 7 3 5 6","0 0 7 7 0 0 1 0 0"
68,9,"5 6 7 9 10 11 12 14 15","0 0 7 9 6 6 3 0 0"
69,9,"3 5 6 9 10 12 13 14 15","0 0 8 10 4 4 4 1 0"
70,10,"1 2 4 8 16 15 19 21 25 30","0 0 0 10 16 0 0 5 0 0"
71,10,"1 2 4 8 16 31 7 11 21 25","0 0 0 15 0 15 0 0 0 1"
72,10,"1 2 4 8 16 31 7 11 21 13","0 0 0 16 0 12 0 3 0 0"
73,10,"1 2 4 8 16 31 7 11 13 14","0 0 0 18 0 8 0 5 0 0"
74,10,"1 2 4 8 16 15 19 21 25 7","0 0 1 10 11 4 3 1 1 0"
75,10,"1 2 4 8 16 15 19 21 22 7","0 0 1 14 7 0 7 1 1 0"
76,10,"1 2 4 8 16 15 19 21 9 31","0 0 2 7 12 7 2 0 0 1"
77,10,"1 2 4 8 16 15 19 21 25 3","0 0 2 8 12 4 2 3 0 0"
78,10,"1 2 4 8 16 31 7 11 21 6","0 0 2 9 9 6 4 0 1 0"
79,10,"1 2 4 8 16 31 7 11 13 18","0 0 2 10 8 4 6 1 0 0"
80,10,"1 2 4 8 16 15 19 21 9 23","0 0 3 6 11 8 1 1 1 0"
81,10,"1 2 4 8 16 15 19 21 9 3","0 0 3 7 10 6 3 2 0 0"
82,10,"1 2 4 8 16 15 19 21 22 3","0 0 3 8 11 4 1 3 1 0"
83,10,"1 2 4 8 16 31 7 11 21 3","0 0 3 9 6 6 7 0 0 0"
84,10,"1 2 4 8 16 31 7 11 13 3","0 0 3 10 7 4 5 1 1 0"
85,10,"1 2 4 8 16 15 19 5 24 13","0 0 4 5 9 10 2 0 1 0"
86,10,"1 2 4 8 16 7 11 19 5 24","0 0 4 6 8 8 4 1 0 0"
87,10,"1 2 4 8 16 15 19 5 24 3","0 0 4 6 8 8 4 1 0 0"
88,10,"1 2 4 8 16 15 19 21 9 6","0 0 4 6 8 8 4 1 0 0"
89,10,"1 2 4 8 16 15 19 21 25 17","0 0 4 6 8 8 4 1 0 0"
90,10,"1 2 4 8 16 15 19 21 7 17","0 0 4 7 8 7 4 0 0 1"
91,10,"1 2 4 8 16 31 7 11 5 9","0 0 4 7 8 7 4 0 0 1"
92,10,"1 2 4 8 16 15 19 21 3 5","0 0 4 7 9 6 2 2 1 0"
93,10,"1 2 4 8 16 15 19 21 3 18","0 0 4 8 8 4 4 3 0 0"
94,10,"1 2 4 8 16 15 19 21 7 3","0 0 4 8 8 4 4 3 0 0"
95,10,"1 2 4 8 16 31 7 11 5 10","0 0 4 8 8 4 4 3 0 0"
96,10,"1 2 4 8 16 31 7 11 13 15","0 0 4 10 4 4 8 1 0 0"
97,10,"1 2 4 8 16 7 11 19 5 6","0 0 4 10 8 0 4 5 0 0"
98,10,"1 2 4 8 16 7 11 13 14 3","0 0 4 14 8 0 4 1 0 0"
99,10,"1 2 4 8 16 15 19 5 10 17","0 0 5 5 6 10 5 0 0 0"
100,10,"1 2 4 8 16 15 19 5 10 3","0 0 5 6 7 8 3 1 1 0"
101,10,"1 2 4 8 16 15 19 7 17 18","0 0 5 6 7 8 3 1 1 0"
102,10,"1 2 4 8 16 15 19 21 3 17","0 0 5 6 7 8 3 1 1 0"
103,10,"1 2 4 8 16 31 7 11 5 3","0 0 5 7 6 6 5 2 0 0"
104,10,"1 2 4 8 16 31 7 11 5 15","0 0 5 7 6 6 5 2 0 0"
105,10,"1 2 4 8 16 31 7 11 12 3","0 0 5 8 7 4 3 3 1 0"
106,10,"1 2 4 8 16 15 19 7 17 3","0 0 6 6 4 8 6 1 0 0"
107,10,"1 2 4 8 16 31 7 11 3 15","0 0 6 7 4 7 6 0 0 1"
108,10,"1 2 4 8 16 15 19 5 3 7","0 0 6 7 5 6 4 2 1 0"
109,10,"1 2 4 8 16 7 11 19 5 3","0 0 6 8 4 4 6 3 0 0"
110,10,"1 2 4 8 16 7 11 5 9 15","0 0 6 9 9 6 0 0 1 0"
111,10,"1 2 4 8 16 7 11 13 3 5","0 0 6 10 8 4 2 1 0 0"
112,10,"1 2 4 8 16 15 19 17 18 3","0 0 7 8 3 4 5 3 1 0"
113,10,"1 2 4 8 16 7 11 5 9 3","0 0 7 9 6 6 3 0 0 0"
114,10,"1 2 4 8 16 7 24 3 5 6","0 0 8 7 0 7 8 0 0 1"
115,10,"1 2 4 8 16 7 11 5 6 3","0 0 8 10 4 4 4 1 0 0"
116,10,"6 7 8 9 10 11 12 13 14 15","0 0 8 18 16 8 8 5 0 0"
117,10,"5 6 7 9 10 11 12 13 14 15","0 0 9 16 15 12 7 3 1 0"
118,10,"3 5 6 7 9 10 11 12 13 14","0 0 10 15 12 15 10 0 0 1"
119,10,"3 5 6 9 10 11 12 13 14 15","0 0 10 16 12 12 10 3 0 0"
120,11,"1 2 4 8 16 31 7 11 21 25 13","0 0 0 25 0 27 0 10 0 1 0"
121,11,"1 2 4 8 16 31 7 11 21 13 14","0 0 0 26 0 24 0 13 0 0 0"
122,11,"1 2 4 8 16 15 19 21 25 30 3","0 0 2 14 22 8 6 9 2 0 0"
123,11,"1 2 4 8 16 31 7 11 21 13 17","0 0 2 16 16 12 10 3 4 0 0"
124,11,"1 2 4 8 16 31 7 11 13 14 17","0 0 2 18 14 8 14 5 2 0 0"
125,11,"1 2 4 8 16 15 19 21 25 7 9","0 0 3 13 19 11 9 6 1 1 0"
126,11,"1 2 4 8 16 31 7 11 21 25 3","0 0 3 15 13 15 13 0 3 1 0"
127,11,"1 2 4 8 16 31 7 11 21 13 20","0 0 3 16 12 12 16 3 0 0 1"
128,11,"1 2 4 8 16 31 7 11 21 13 3","0 0 3 16 13 12 13 3 3 0 0"
129,11,"1 2 4 8 16 15 19 21 25 3 29","0 0 4 10 20 16 4 5 4 0 0"
130,11,"1 2 4 8 16 15 19 21 9 31 3","0 0 4 11 18 15 8 4 2 1 0"
131,11,"1 2 4 8 16 15 19 21 25 3 5","0 0 4 12 18 12 8 7 2 0 0"
132,11,"1 2 4 8 16 15 19 21 25 7 3","0 0 4 12 18 12 8 7 2 0 0"
133,11,"1 2 4 8 16 31 7 11 13 18 20","0 0 4 13 16 11 12 6 0 1 0"
134,11,"1 2 4 8 16 15 19 21 25 3 18","0 0 4 14 16 8 12 9 0 0 0"
135,11,"1 2 4 8 16 31 7 11 21 13 5","0 0 4 16 10 12 16 3 2 0 0"
136,11,"1 2 4 8 16 31 7 11 13 14 3","0 0 4 18 12 8 12 5 4 0 0"
137,11,"1 2 4 8 16 15 19 21 9 31 6","0 0 5 9 17 19 7 2 3 1 0"
138,11,"1 2 4 8 16 15 19 21 9 3 28","0 0 5 10 16 16 10 5 0 0 1"
139,11,"1 2 4 8 16 15 19 21 25 3 12","0 0 5 10 16 16 10 5 0 0 1"
140,11,"1 2 4 8 16 15 19 21 25 30 17","0 0 5 10 16 16 10 5 0 0 1"
141,11,"1 2 4 8 16 15 19 21 9 23 3","0 0 5 10 17 16 7 5 3 0 0"
142,11,"1 2 4 8 16 15 19 21 25 7 17","0 0 5 11 15 15 11 4 1 1 0"
143,11,"1 2 4 8 16 31 7 11 13 18 3","0 0 5 11 15 15 11 4 1 1 0"
144,11,"1 2 4 8 16 31 7 11 21 6 10","0 0 5 11 15 15 11 4 1 1 0"
145,11,"1 2 4 8 16 31 7 11 13 18 5","0 0 5 12 15 12 11 7 1 0 0"
146,11,"1 2 4 8 16 31 7 11 21 6 3","0 0 5 12 15 12 11 7 1 0 0"
147,11,"1 2 4 8 16 15 19 21 22 7 3","0 0 5 15 15 7 11 8 1 1 0"
148,11,"1 2 4 8 16 31 7 11 13 14 15","0 0 5 18 8 8 18 5 0 0 1"
149,11,"1 2 4 8 16 15 19 5 24 13 3","0 0 6 9 14 19 10 2 2 1 0"
150,11,"1 2 4 8 16 7 11 19 5 24 6","0 0 6 10 14 16 10 5 2 0 0"
151,11,"1 2 4 8 16 7 11 19 5 24 9","0 0 6 10 14 16 10 5 2 0 0"
152,11,"1 2 4 8 16 15 19 21 9 3 6","0 0 6 10 14 16 10 5 2 0 0"
153,11,"1 2 4 8 16 15 19 21 9 3 11","0 0 6 10 14 16 10 5 2 0 0"
154,11,"1 2 4 8 16 15 19 21 9 23 6","0 0 6 10 14 16 10 5 2 0 0"
155,11,"1 2 4 8 16 15 19 21 25 3 17","0 0 6 10 14 16 10 5 2 0 0"
156,11,"1 2 4 8 16 31 7 11 21 3 5","0 0 6 11 12 15 14 4 0 1 0"
157,11,"1 2 4 8 16 31 7 11 13 18 15","0 0 6 12 12 12 14 7 0 0 0"
158,11,"1 2 4 8 16 31 7 11 21 3 20","0 0 6 12 12 12 14 7 0 0 0"
159,11,"1 2 4 8 16 15 19 21 3 5 23","0 0 6 12 16 12 6 7 4 0 0"
160,11,"1 2 4 8 16 15 19 21 22 3 5","0 0 6 12 16 12 6 7 4 0 0"
161,11,"1 2 4 8 16 31 7 11 13 3 5","0 0 6 13 14 11 10 6 2 1 0"
162,11,"1 2 4 8 16 31 7 11 13 3 12","0 0 6 14 14 8 10 9 2 0 0"
163,11,"1 2 4 8 16 15 19 21 9 6 17","0 0 7 9 11 19 13 2 1 1 0"
164,11,"1 2 4 8 16 15 19 5 24 3 7","0 0 7 10 11 16 13 5 1 0 0"
165,11,"1 2 4 8 16 15 19 21 7 17 3","0 0 7 11 13 15 9 4 3 1 0"
166,11,"1 2 4 8 16 31 7 11 5 9 3","0 0 7 11 13 15 9 4 3 1 0"
167,11,"1 2 4 8 16 31 7 11 5 9 15","0 0 7 11 13 15 9 4 3 1 0"
168,11,"1 2 4 8 16 15 19 21 3 18 7","0 0 7 12 12 12 12 7 0 0 1"
169,11,"1 2 4 8 16 31 7 11 5 10 3","0 0 7 12 12 12 12 7 0 0 1"
170,11,"1 2 4 8 16 15 19 21 3 5 6","0 0 7 12 13 12 9 7 3 0 0"
171,11,"1 2 4 8 16 15 19 21 3 5 7","0 0 7 12 13 12 9 7 3 0 0"
172,11,"1 2 4 8 16 31 7 11 13 3 15","0 0 7 13 11 11 13 6 1 1 0"
173,11,"1 2 4 8 16 7 11 19 5 24 3","0 0 8 10 8 16 16 5 0 0 0"
174,11,"1 2 4 8 16 15 19 5 10 3 7","0 0 8 11 10 15 12 4 2 1 0"
175,11,"1 2 4 8 16 15 19 21 3 18 17","0 0 8 12 10 12 12 7 2 0 0"
176,11,"1 2 4 8 16 31 7 11 5 10 15","0 0 8 12 10 12 12 7 2 0 0"
177,11,"1 2 4 8 16 7 11 13 14 3 5","0 0 8 18 16 8 8 5 0 0 0"
178,11,"1 2 4 8 16 15 19 7 17 18 3","0 0 9 11 7 15 15 4 1 1 0"
179,11,"1 2 4 8 16 31 7 11 12 3 15","0 0 9 13 9 11 11 6 3 1 0"
180,11,"1 2 4 8 16 7 11 19 5 6 3","0 0 9 14 8 8 14 9 0 0 1"
181,11,"1 2 4 8 16 7 11 5 9 15 3","0 0 9 16 15 12 7 3 1 0 0"
182,11,"1 2 4 8 16 7 11 5 9 3 12","0 0 10 15 12 15 10 0 0 1 0"
183,11,"1 2 4 8 16 7 11 13 3 5 6","0 0 10 16 12 12 10 3 0 0 0"
184,11,"5 6 7 8 9 10 11 12 13 14 15","0 0 12 26 28 24 20 13 4 0 0"
185,11,"3 5 6 7 9 10 11 12 13 14 15","0 0 13 25 25 27 23 10 3 1 0"
186,11,"3 5 6 8 9 10 11 12 13 14 15","0 0 13 26 24 24 26 13 0 0 1"
187,12,"1 2 4 8 16 31 7 11 21 25 13 14","0 0 0 38 0 52 0 33 0 4 0 0"
188,12,"1 2 4 8 16 31 7 11 21 13 14 26","0 0 0 39 0 48 0 39 0 0 0 1"
189,12,"1 2 4 8 16 31 7 11 21 25 13 3","0 0 3 25 23 27 25 10 13 1 0 0"
190,12,"1 2 4 8 16 31 7 11 21 13 14 17","0 0 3 26 22 24 28 13 10 0 1 0"
191,12,"1 2 4 8 16 15 19 21 25 30 3 5","0 0 4 20 32 22 20 19 8 2 0 0"
192,12,"1 2 4 8 16 31 7 11 13 14 17 18","0 0 4 22 28 20 28 17 4 4 0 0"
193,12,"1 2 4 8 16 15 19 21 25 30 3 18","0 0 4 23 28 16 28 23 4 0 0 1"
194,12,"1 2 4 8 16 31 7 11 21 25 13 5","0 0 4 25 19 27 31 10 9 1 1 0"
195,12,"1 2 4 8 16 31 7 11 21 13 14 3","0 0 4 26 20 24 28 13 12 0 0 0"
196,12,"1 2 4 8 16 15 19 21 25 30 3 7","0 0 5 18 32 24 18 21 8 0 1 0"
197,12,"1 2 4 8 16 31 7 11 21 13 17 3","0 0 5 19 29 25 23 16 7 3 0 0"
198,12,"1 2 4 8 16 31 7 11 21 13 17 20","0 0 5 20 28 22 26 19 4 2 1 0"
199,12,"1 2 4 8 16 31 7 11 21 13 14 5","0 0 5 26 16 24 34 13 8 0 1 0"
200,12,"1 2 4 8 16 15 19 21 25 3 29 5","0 0 6 16 30 30 18 15 10 2 0 0"
201,12,"1 2 4 8 16 15 19 21 25 7 9 23","0 0 6 16 30 30 18 15 10 2 0 0"
202,12,"1 2 4 8 16 15 19 21 25 7 9 3","0 0 6 17 29 27 21 18 7 1 1 0"
203,12,"1 2 4 8 16 31 7 11 21 13 3 18","0 0 6 18 26 28 26 13 6 4 0 0"
204,12,"1 2 4 8 16 31 7 11 21 13 17 10","0 0 6 18 26 28 26 13 6 4 0 0"
205,12,"1 2 4 8 16 31 7 11 21 25 3 5","0 0 6 18 26 28 26 13 6 4 0 0"
206,12,"1 2 4 8 16 31 7 11 21 25 3 17","0 0 6 18 26 28 26 13 6 4 0 0"
207,12,"1 2 4 8 16 15 19 21 25 3 5 23","0 0 6 18 30 24 18 21 10 0 0 0"
208,12,"1 2 4 8 16 31 7 11 21 13 20 3","0 0 6 19 25 25 29 16 3 3 1 0"
209,12,"1 2 4 8 16 31 7 11 21 13 3 23","0 0 6 19 26 24 26 19 6 0 0 1"
210,12,"1 2 4 8 16 31 7 11 21 13 17 5","0 0 6 19 26 24 26 19 6 0 0 1"
211,12,"1 2 4 8 16 31 7 11 13 14 17 3","0 0 6 20 26 22 26 19 6 2 0 0"
212,12,"1 2 4 8 16 31 7 11 21 13 3 6","0 0 6 20 26 22 26 19 6 2 0 0"
213,12,"1 2 4 8 16 15 19 21 9 31 3 6","0 0 7 15 27 33 21 12 9 3 0 0"
214,12,"1 2 4 8 16 15 19 21 9 31 3 17","0 0 7 15 27 33 21 12 9 3 0 0"
215,12,"1 2 4 8 16 15 19 21 9 31 3 10","0 0 7 16 26 30 24 15 6 2 1 0"
216,12,"1 2 4 8 16 15 19 21 25 3 5 10","0 0 7 16 26 30 24 15 6 2 1 0"
217,12,"1 2 4 8 16 15 19 21 25 3 29 12","0 0 7 16 26 30 24 15 6 2 1 0"
218,12,"1 2 4 8 16 15 19 21 25 7 9 6","0 0 7 16 26 30 24 15 6 2 1 0"
219,12,"1 2 4 8 16 15 19 21 25 30 3 17","0 0 7 16 26 30 24 15 6 2 1 0"
220,12,"1 2 4 8 16 31 7 11 13 18 20 3","0 0 7 16 26 30 24 15 6 2 1 0"
221,12,"1 2 4 8 16 15 19 21 25 3 5 7","0 0 7 17 27 27 21 18 9 1 0 0"
222,12,"1 2 4 8 16 31 7 11 13 18 20 9","0 0 7 17 27 27 21 18 9 1 0 0"
223,12,"1 2 4 8 16 31 7 11 21 13 20 5","0 0 7 18 22 28 32 13 2 4 1 0"
224,12,"1 2 4 8 16 15 19 21 25 3 5 6","0 0 7 18 26 24 24 21 6 0 1 0"
225,12,"1 2 4 8 16 15 19 21 25 7 3 18","0 0 7 18 26 24 24 21 6 0 1 0"
226,12,"1 2 4 8 16 31 7 11 21 13 3 5","0 0 7 19 23 25 29 16 5 3 0 0"
227,12,"1 2 4 8 16 31 7 11 13 14 17 15","0 0 7 20 22 22 32 19 2 2 1 0"
228,12,"1 2 4 8 16 15 19 5 24 13 3 23","0 0 8 14 24 36 24 9 8 4 0 0"
229,12,"1 2 4 8 16 15 19 21 9 31 6 17","0 0 8 14 24 36 24 9 8 4 0 0"
230,12,"1 2 4 8 16 15 19 21 9 3 28 6","0 0 8 15 23 33 27 12 5 3 1 0"
231,12,"1 2 4 8 16 7 11 19 5 24 6 27","0 0 8 15 24 32 24 15 8 0 0 1"
232,12,"1 2 4 8 16 7 11 19 5 24 9 20","0 0 8 15 24 32 24 15 8 0 0 1"
233,12,"1 2 4 8 16 15 19 21 9 23 3 11","0 0 8 15 24 32 24 15 8 0 0 1"
234,12,"1 2 4 8 16 15 19 21 25 3 29 17","0 0 8 15 24 32 24 15 8 0 0 1"
235,12,"1 2 4 8 16 15 19 21 9 23 3 6","0 0 8 16 24 30 24 15 8 2 0 0"
236,12,"1 2 4 8 16 15 19 21 9 23 3 17","0 0 8 16 24 30 24 15 8 2 0 0"
237,12,"1 2 4 8 16 15 19 21 25 3 5 17","0 0 8 16 24 30 24 15 8 2 0 0"
238,12,"1 2 4 8 16 15 19 21 25 7 3 17","0 0 8 16 24 30 24 15 8 2 0 0"
239,12,"1 2 4 8 16 31 7 11 13 18 3 12","0 0 8 16 24 30 24 15 8 2 0 0"
240,12,"1 2 4 8 16 31 7 11 21 6 10 15","0 0 8 16 24 30 24 15 8 2 0 0"
241,12,"1 2 4 8 16 31 7 11 13 18 20 6","0 0 8 17 23 27 27 18 5 1 1 0"
242,12,"1 2 4 8 16 31 7 11 21 6 10 5","0 0 8 17 23 27 27 18 5 1 1 0"
243,12,"1 2 4 8 16 31 7 11 13 18 5 10","0 0 8 18 24 24 24 21 8 0 0 0"
244,12,"1 2 4 8 16 31 7 11 21 13 5 10","0 0 8 20 20 22 32 19 4 2 0 0"
245,12,"1 2 4 8 16 31 7 11 13 14 3 5","0 0 8 22 24 20 24 17 8 4 0 0"
246,12,"1 2 4 8 16 31 7 11 13 14 3 12","0 0 8 23 24 16 24 23 8 0 0 1"
247,12,"1 2 4 8 16 15 19 21 25 3 12 17","0 0 9 14 20 36 30 9 4 4 1 0"
248,12,"1 2 4 8 16 15 19 5 24 13 3 7","0 0 9 15 21 33 27 12 7 3 0 0"
249,12,"1 2 4 8 16 15 19 5 24 13 3 11","0 0 9 15 21 33 27 12 7 3 0 0"
250,12,"1 2 4 8 16 7 11 19 5 24 9 12","0 0 9 16 20 30 30 15 4 2 1 0"
251,12,"1 2 4 8 16 31 7 11 13 18 3 15","0 0 9 16 20 30 30 15 4 2 1 0"
252,12,"1 2 4 8 16 31 7 11 13 18 5 15","0 0 9 17 21 27 27 18 7 1 0 0"
253,12,"1 2 4 8 16 31 7 11 21 6 3 5","0 0 9 17 21 27 27 18 7 1 0 0"
254,12,"1 2 4 8 16 15 19 21 25 3 18 17","0 0 9 18 20 24 30 21 4 0 1 0"
255,12,"1 2 4 8 16 15 19 21 3 5 23 17","0 0 9 19 25 25 19 16 11 3 0 0"
256,12,"1 2 4 8 16 15 19 21 3 5 23 6","0 0 9 20 24 22 22 19 8 2 1 0"
257,12,"1 2 4 8 16 15 19 21 22 7 3 5","0 0 9 20 24 22 22 19 8 2 1 0"
258,12,"1 2 4 8 16 31 7 11 13 14 3 15","0 0 9 22 20 20 30 17 4 4 1 0"
259,12,"1 2 4 8 16 7 11 19 5 24 9 3","0 0 10 16 18 30 30 15 6 2 0 0"
260,12,"1 2 4 8 16 15 19 21 9 23 6 17","0 0 10 16 18 30 30 15 6 2 0 0"
261,12,"1 2 4 8 16 31 7 11 21 3 20 23","0 0 10 18 18 24 30 21 6 0 0 0"
262,12,"1 2 4 8 16 15 19 21 7 17 3 5","0 0 10 18 22 28 22 13 10 4 0 0"
263,12,"1 2 4 8 16 31 7 11 5 9 3 12","0 0 10 18 22 28 22 13 10 4 0 0"
264,12,"1 2 4 8 16 31 7 11 13 3 5 6","0 0 10 19 21 25 25 16 7 3 1 0"
265,12,"1 2 4 8 16 31 7 11 13 3 5 15","0 0 10 19 21 25 25 16 7 3 1 0"
266,12,"1 2 4 8 16 15 19 21 3 5 23 7","0 0 10 19 22 24 22 19 10 0 0 1"
267,12,"1 2 4 8 16 15 19 21 22 3 5 6","0 0 10 19 22 24 22 19 10 0 0 1"
268,12,"1 2 4 8 16 7 11 19 5 24 6 3","0 0 11 16 14 30 36 15 2 2 1 0"
269,12,"1 2 4 8 16 15 19 21 7 17 3 18","0 0 11 18 18 28 28 13 6 4 1 0"
270,12,"1 2 4 8 16 31 7 11 5 10 3 15","0 0 11 18 18 28 28 13 6 4 1 0"
271,12,"1 2 4 8 16 15 19 21 3 5 6 7","0 0 11 19 19 25 25 16 9 3 0 0"
272,12,"1 2 4 8 16 31 7 11 13 3 12 15","0 0 11 20 18 22 28 19 6 2 1 0"
273,12,"1 2 4 8 16 7 11 13 14 3 5 9","0 0 12 26 28 24 20 13 4 0 0 0"
274,12,"1 2 4 8 16 7 11 5 9 15 3 6","0 0 13 25 25 27 23 10 3 1 0 0"
275,12,"1 2 4 8 16 7 11 13 14 3 5 6","0 0 13 26 24 24 26 13 0 0 1 0"
276,12,"4 5 6 7 8 9 10 11 12 13 14 15","0 0 16 39 48 48 48 39 16 0 0 1"
277,12,"3 5 6 7 8 9 10 11 12 13 14 15","0 0 17 38 44 52 54 33 12 4 1 0"
278,13,"1 2 4 8 16 31 7 11 21 25 13 14 19","0 0 0 55 0 96 0 87 0 16 0 1 0"
279,13,"1 2 4 8 16 31 7 11 21 25 13 14 17","0 0 4 38 32 52 56 33 32 4 4 0 0"
280,13,"1 2 4 8 16 31 7 11 21 25 13 14 3","0 0 4 38 33 52 52 33 38 4 0 0 1"
281,13,"1 2 4 8 16 31 7 11 21 13 14 26 3","0 0 4 39 32 48 56 39 32 0 4 1 0"
282,13,"1 2 4 8 16 31 7 11 21 25 13 14 5","0 0 5 38 28 52 62 33 28 4 5 0 0"
283,13,"1 2 4 8 16 15 19 21 25 30 3 5 23","0 0 6 28 51 42 42 51 28 6 0 0 1"
284,13,"1 2 4 8 16 31 7 11 21 25 13 3 17","0 0 6 29 46 46 50 41 26 10 0 1 0"
285,13,"1 2 4 8 16 31 7 11 21 13 14 17 18","0 0 6 30 44 44 56 41 20 12 2 0 0"
286,13,"1 2 4 8 16 31 7 11 21 13 14 17 20","0 0 6 31 44 40 56 47 20 8 2 1 0"
287,13,"1 2 4 8 16 31 7 11 21 13 14 26 5","0 0 6 39 24 48 68 39 24 0 6 1 0"
288,13,"1 2 4 8 16 15 19 21 25 30 3 5 10","0 0 7 26 48 48 46 45 24 8 3 0 0"
289,13,"1 2 4 8 16 31 7 11 21 25 13 3 18","0 0 7 28 42 50 56 35 22 14 1 0 0"
290,13,"1 2 4 8 16 15 19 21 25 30 3 5 6","0 0 7 28 46 42 52 51 18 6 5 0 0"
291,13,"1 2 4 8 16 31 7 11 21 13 14 17 3","0 0 7 29 42 46 56 41 22 10 1 1 0"
292,13,"1 2 4 8 16 31 7 11 21 25 13 3 5","0 0 7 29 42 46 56 41 22 10 1 1 0"
293,13,"1 2 4 8 16 15 19 21 25 3 29 5 27","0 0 8 23 48 56 40 39 32 8 0 1 0"
294,13,"1 2 4 8 16 31 7 11 21 13 17 3 24","0 0 8 24 46 54 46 39 26 10 2 0 0"
295,13,"1 2 4 8 16 15 19 21 25 30 3 5 7","0 0 8 25 46 50 46 45 26 6 2 1 0"
296,13,"1 2 4 8 16 31 7 11 21 13 17 3 23","0 0 8 25 46 50 46 45 26 6 2 1 0"
297,13,"1 2 4 8 16 31 7 11 13 14 17 18 5","0 0 8 26 44 48 52 45 20 8 4 0 0"
298,13,"1 2 4 8 16 31 7 11 21 13 17 3 9","0 0 8 26 44 48 52 45 20 8 4 0 0"
299,13,"1 2 4 8 16 31 7 11 13 14 17 18 12","0 0 8 26 45 48 48 45 26 8 0 0 1"
300,13,"1 2 4 8 16 31 7 11 21 13 17 3 6","0 0 8 26 45 48 48 45 26 8 0 0 1"
301,13,"1 2 4 8 16 15 19 21 25 30 3 18 7","0 0 8 27 44 44 52 51 20 4 4 1 0"
302,13,"1 2 4 8 16 31 7 11 21 25 13 5 6","0 0 8 28 38 50 62 35 18 14 2 0 0"
303,13,"1 2 4 8 16 31 7 11 21 13 14 17 5","0 0 8 29 38 46 62 41 18 10 2 1 0"
304,13,"1 2 4 8 16 31 7 11 21 25 13 5 9","0 0 8 29 38 46 62 41 18 10 2 1 0"
305,13,"1 2 4 8 16 31 7 11 21 13 14 3 6","0 0 8 31 40 40 56 47 24 8 0 1 0"
306,13,"1 2 4 8 16 15 19 21 25 3 29 5 10","0 0 9 22 44 60 46 33 28 12 1 0 0"
307,13,"1 2 4 8 16 15 19 21 25 3 29 5 7","0 0 9 23 44 56 46 39 28 8 1 1 0"
308,13,"1 2 4 8 16 15 19 21 25 3 29 5 6","0 0 9 24 42 54 52 39 22 10 3 0 0"
309,13,"1 2 4 8 16 15 19 21 25 3 29 5 12","0 0 9 24 42 54 52 39 22 10 3 0 0"
310,13,"1 2 4 8 16 15 19 21 25 7 9 3 20","0 0 9 24 42 54 52 39 22 10 3 0 0"
311,13,"1 2 4 8 16 15 19 21 25 30 3 5 17","0 0 9 24 42 54 52 39 22 10 3 0 0"
312,13,"1 2 4 8 16 31 7 11 21 13 3 18 20","0 0 9 24 42 54 52 39 22 10 3 0 0"
313,13,"1 2 4 8 16 31 7 11 21 13 17 3 10","0 0 9 24 42 54 52 39 22 10 3 0 0"
314,13,"1 2 4 8 16 31 7 11 21 13 17 3 18","0 0 9 24 42 54 52 39 22 10 3 0 0"
315,13,"1 2 4 8 16 31 7 11 21 13 17 20 10","0 0 9 24 42 54 52 39 22 10 3 0 0"
316,13,"1 2 4 8 16 31 7 11 21 25 3 17 23","0 0 9 24 42 54 52 39 22 10 3 0 0"
317,13,"1 2 4 8 16 15 19 21 25 7 9 3 5","0 0 9 25 42 50 52 45 22 6 3 1 0"
318,13,"1 2 4 8 16 31 7 11 21 13 17 3 5","0 0 9 25 42 50 52 45 22 6 3 1 0"
319,13,"1 2 4 8 16 31 7 11 13 14 17 18 3","0 0 9 26 40 48 58 45 16 8 5 0 0"
320,13,"1 2 4 8 16 31 7 11 21 13 20 3 6","0 0 9 26 40 48 58 45 16 8 5 0 0"
321,13,"1 2 4 8 16 15 19 21 25 3 5 23 6","0 0 9 28 42 42 52 51 22 6 3 0 0"
322,13,"1 2 4 8 16 31 7 11 21 13 14 3 5","0 0 9 30 36 44 62 41 20 12 1 0 0"
323,13,"1 2 4 8 16 15 19 21 9 31 3 6 11","0 0 10 22 40 60 52 33 24 12 2 0 0"
324,13,"1 2 4 8 16 15 19 21 9 31 3 6 23","0 0 10 22 40 60 52 33 24 12 2 0 0"
325,13,"1 2 4 8 16 15 19 21 9 31 3 6 10","0 0 10 23 40 56 52 39 24 8 2 1 0"
326,13,"1 2 4 8 16 15 19 21 25 3 5 10 12","0 0 10 23 40 56 52 39 24 8 2 1 0"
327,13,"1 2 4 8 16 15 19 21 25 3 29 5 17","0 0 10 23 40 56 52 39 24 8 2 1 0"
328,13,"1 2 4 8 16 15 19 21 25 3 29 12 18","0 0 10 23 40 56 52 39 24 8 2 1 0"
329,13,"1 2 4 8 16 15 19 21 25 7 9 3 6","0 0 10 23 40 56 52 39 24 8 2 1 0"
330,13,"1 2 4 8 16 15 19 21 25 7 9 23 6","0 0 10 23 40 56 52 39 24 8 2 1 0"
331,13,"1 2 4 8 16 15 19 21 25 30 3 7 17","0 0 10 23 40 56 52 39 24 8 2 1 0"
332,13,"1 2 4 8 16 31 7 11 13 18 20 3 5","0 0 10 23 40 56 52 39 24 8 2 1 0"
333,13,"1 2 4 8 16 31 7 11 21 13 3 18 10","0 0 10 24 38 54 58 39 18 10 4 0 0"
334,13,"1 2 4 8 16 31 7 11 21 13 20 3 5","0 0 10 24 38 54 58 39 18 10 4 0 0"
335,13,"1 2 4 8 16 31 7 11 21 13 3 18 5","0 0 10 24 39 54 54 39 24 10 0 0 1"
336,13,"1 2 4 8 16 31 7 11 21 13 17 10 15","0 0 10 24 39 54 54 39 24 10 0 0 1"
337,13,"1 2 4 8 16 31 7 11 21 25 3 5 6","0 0 10 24 39 54 54 39 24 10 0 0 1"
338,13,"1 2 4 8 16 31 7 11 21 25 3 17 18","0 0 10 24 39 54 54 39 24 10 0 0 1"
339,13,"1 2 4 8 16 31 7 11 21 13 3 23 5","0 0 10 25 38 50 58 45 18 6 4 1 0"
340,13,"1 2 4 8 16 31 7 11 21 13 17 10 5","0 0 10 25 38 50 58 45 18 6 4 1 0"
341,13,"1 2 4 8 16 31 7 11 21 13 17 20 5","0 0 10 25 38 50 58 45 18 6 4 1 0"
342,13,"1 2 4 8 16 31 7 11 21 13 20 3 23","0 0 10 25 38 50 58 45 18 6 4 1 0"
343,13,"1 2 4 8 16 15 19 21 25 3 5 23 7","0 0 10 25 42 50 46 45 30 6 0 1 0"
344,13,"1 2 4 8 16 31 7 11 13 14 17 3 5","0 0 10 26 40 48 52 45 24 8 2 0 0"
345,13,"1 2 4 8 16 31 7 11 21 13 3 6 10","0 0 10 26 40 48 52 45 24 8 2 0 0"
346,13,"1 2 4 8 16 15 19 21 25 30 3 18 17","0 0 10 27 36 44 64 51 12 4 6 1 0"
347,13,"1 2 4 8 16 31 7 11 13 14 17 3 12","0 0 10 27 40 44 52 51 24 4 2 1 0"
348,13,"1 2 4 8 16 31 7 11 21 13 14 5 10","0 0 10 31 32 40 68 47 16 8 2 1 0"
349,13,"1 2 4 8 16 15 19 5 24 13 3 23 11","0 0 11 22 36 60 58 33 20 12 3 0 0"
350,13,"1 2 4 8 16 15 19 21 25 3 5 10 17","0 0 11 22 36 60 58 33 20 12 3 0 0"
351,13,"1 2 4 8 16 15 19 21 25 7 9 6 17","0 0 11 22 36 60 58 33 20 12 3 0 0"
352,13,"1 2 4 8 16 15 19 21 9 31 3 10 11","0 0 11 23 36 56 58 39 20 8 3 1 0"
353,13,"1 2 4 8 16 31 7 11 13 18 20 3 6","0 0 11 23 36 56 58 39 20 8 3 1 0"
354,13,"1 2 4 8 16 31 7 11 21 13 20 5 10","0 0 11 24 34 54 64 39 14 10 5 0 0"
355,13,"1 2 4 8 16 15 19 21 9 23 3 6 20","0 0 11 24 38 54 52 39 26 10 1 0 0"
356,13,"1 2 4 8 16 15 19 21 25 3 5 6 17","0 0 11 24 38 54 52 39 26 10 1 0 0"
357,13,"1 2 4 8 16 15 19 21 25 3 5 7 17","0 0 11 24 38 54 52 39 26 10 1 0 0"
358,13,"1 2 4 8 16 15 19 21 25 3 5 7 6","0 0 11 25 38 50 52 45 26 6 1 1 0"
359,13,"1 2 4 8 16 31 7 11 13 18 20 9 6","0 0 11 25 38 50 52 45 26 6 1 1 0"
360,13,"1 2 4 8 16 31 7 11 13 14 17 3 15","0 0 11 26 36 48 58 45 20 8 3 0 0"
361,13,"1 2 4 8 16 31 7 11 21 13 3 5 10","0 0 11 26 36 48 58 45 20 8 3 0 0"
362,13,"1 2 4 8 16 31 7 11 21 13 3 6 5","0 0 11 26 36 48 58 45 20 8 3 0 0"
363,13,"1 2 4 8 16 15 19 5 24 13 3 23 7","0 0 12 22 33 60 60 33 22 12 0 0 1"
364,13,"1 2 4 8 16 15 19 21 9 31 6 17 23","0 0 12 22 33 60 60 33 22 12 0 0 1"
365,13,"1 2 4 8 16 7 11 19 5 24 9 20 3","0 0 12 23 32 56 64 39 16 8 4 1 0"
366,13,"1 2 4 8 16 15 19 21 25 3 29 12 17","0 0 12 23 32 56 64 39 16 8 4 1 0"
367,13,"1 2 4 8 16 15 19 21 9 23 3 6 7","0 0 12 24 34 54 58 39 22 10 2 0 0"
368,13,"1 2 4 8 16 15 19 21 9 23 3 6 17","0 0 12 24 34 54 58 39 22 10 2 0 0"
369,13,"1 2 4 8 16 31 7 11 13 18 20 6 15","0 0 12 24 34 54 58 39 22 10 2 0 0"
370,13,"1 2 4 8 16 15 19 21 25 7 3 18 17","0 0 12 25 34 50 58 45 22 6 2 1 0"
371,13,"1 2 4 8 16 31 7 11 21 6 10 15 5","0 0 12 25 34 50 58 45 22 6 2 1 0"
372,13,"1 2 4 8 16 31 7 11 13 14 3 5 9","0 0 12 30 41 44 44 41 30 12 0 0 1"
373,13,"1 2 4 8 16 31 7 11 13 14 3 5 10","0 0 12 31 40 40 48 47 24 8 4 1 0"
374,13,"1 2 4 8 16 7 11 19 5 24 9 12 3","0 0 13 24 30 54 64 39 18 10 3 0 0"
375,13,"1 2 4 8 16 31 7 11 13 18 3 12 15","0 0 13 24 30 54 64 39 18 10 3 0 0"
376,13,"1 2 4 8 16 31 7 11 13 18 5 10 15","0 0 13 26 32 48 58 45 24 8 1 0 0"
377,13,"1 2 4 8 16 31 7 11 21 13 5 10 15","0 0 13 28 30 42 64 51 18 6 3 0 0"
378,13,"1 2 4 8 16 15 19 21 3 5 23 17 6","0 0 13 29 38 46 48 41 26 10 3 1 0"
379,13,"1 2 4 8 16 15 19 21 3 5 23 17 7","0 0 13 29 38 46 48 41 26 10 3 1 0"
380,13,"1 2 4 8 16 31 7 11 13 14 3 5 6","0 0 13 30 36 44 54 41 20 12 5 0 0"
381,13,"1 2 4 8 16 31 7 11 13 14 3 5 15","0 0 13 30 36 44 54 41 20 12 5 0 0"
382,13,"1 2 4 8 16 7 11 19 5 24 6 27 3","0 0 14 23 24 56 76 39 8 8 6 1 0"
383,13,"1 2 4 8 16 15 19 21 7 17 3 5 18","0 0 14 28 34 50 54 35 22 14 4 0 0"
384,13,"1 2 4 8 16 15 19 21 7 17 3 5 6","0 0 14 28 35 50 50 35 28 14 0 0 1"
385,13,"1 2 4 8 16 15 19 21 3 5 23 6 7","0 0 14 29 34 46 54 41 22 10 4 1 0"
386,13,"1 2 4 8 16 15 19 21 22 7 3 5 6","0 0 14 29 34 46 54 41 22 10 4 1 0"
387,13,"1 2 4 8 16 31 7 11 13 14 3 12 15","0 0 14 31 32 40 60 47 16 8 6 1 0"
388,13,"1 2 4 8 16 7 11 13 14 3 5 9 15","0 0 16 39 48 48 48 39 16 0 0 1 0"
389,13,"1 2 4 8 16 7 11 13 14 3 5 9 6","0 0 17 38 44 52 54 33 12 4 1 0 0"
390,13,"3 4 5 6 7 8 9 10 11 12 13 14 15","0 0 22 55 72 96 116 87 40 16 6 1 0"
391,14,"1 2 4 8 16 31 7 11 21 25 13 14 19 22","0 0 0 77 0 168 0 203 0 56 0 7 0 0"
392,14,"1 2 4 8 16 31 7 11 21 25 13 14 19 3","0 0 5 55 45 96 106 87 82 16 17 1 1 0"
393,14,"1 2 4 8 16 31 7 11 21 25 13 14 19 6","0 0 6 55 40 96 116 87 72 16 22 1 0 0"
394,14,"1 2 4 8 16 31 7 11 21 25 13 14 17 18","0 0 8 42 64 85 112 85 64 42 8 0 0 1"
395,14,"1 2 4 8 16 31 7 11 21 25 13 14 17 3","0 0 8 42 65 84 108 89 70 36 4 4 1 0"
396,14,"1 2 4 8 16 31 7 11 21 13 14 26 3 17","0 0 8 43 64 80 112 95 64 32 8 5 0 0"
397,14,"1 2 4 8 16 31 7 11 21 25 13 14 17 20","0 0 8 43 64 80 112 95 64 32 8 5 0 0"
398,14,"1 2 4 8 16 31 7 11 21 13 14 26 3 6","0 0 8 45 64 72 112 107 64 24 8 7 0 0"
399,14,"1 2 4 8 16 15 19 21 25 30 3 5 23 9","0 0 9 37 73 84 94 103 70 28 9 3 1 0"
400,14,"1 2 4 8 16 31 7 11 21 13 14 17 18 20","0 0 9 39 69 80 106 103 58 32 13 1 1 0"
401,14,"1 2 4 8 16 15 19 21 25 30 3 5 23 6","0 0 9 41 69 72 106 115 58 24 13 3 1 0"
402,14,"1 2 4 8 16 31 7 11 21 25 13 14 17 5","0 0 9 42 60 84 118 89 60 36 9 4 0 0"
403,14,"1 2 4 8 16 31 7 11 21 25 13 14 3 5","0 0 9 43 61 80 114 95 66 32 5 5 1 0"
404,14,"1 2 4 8 16 15 19 21 25 30 3 5 10 29","0 0 10 34 72 93 92 93 72 34 10 0 0 1"
405,14,"1 2 4 8 16 15 19 21 25 30 3 5 10 12","0 0 10 35 72 88 92 103 72 24 10 5 0 0"
406,14,"1 2 4 8 16 31 7 11 21 13 14 17 18 6","0 0 10 36 69 88 100 97 66 32 10 2 1 0"
407,14,"1 2 4 8 16 31 7 11 21 25 13 3 17 6","0 0 10 36 69 88 100 97 66 32 10 2 1 0"
408,14,"1 2 4 8 16 31 7 11 21 13 14 17 20 3","0 0 10 37 68 84 104 103 60 28 14 3 0 0"
409,14,"1 2 4 8 16 31 7 11 21 25 13 3 17 5","0 0 10 37 68 84 104 103 60 28 14 3 0 0"
410,14,"1 2 4 8 16 31 7 11 21 25 13 14 5 6","0 0 10 42 56 85 124 85 56 42 10 0 0 1"
411,14,"1 2 4 8 16 31 7 11 21 13 14 26 3 5","0 0 10 43 56 80 124 95 56 32 10 5 0 0"
412,14,"1 2 4 8 16 31 7 11 21 25 13 14 5 9","0 0 10 43 56 80 124 95 56 32 10 5 0 0"
413,14,"1 2 4 8 16 15 19 21 25 3 29 5 27 7","0 0 11 33 69 96 94 91 74 32 7 3 1 0"
414,14,"1 2 4 8 16 15 19 21 25 30 3 5 10 7","0 0 11 34 68 92 98 97 68 28 11 4 0 0"
415,14,"1 2 4 8 16 31 7 11 21 13 17 3 24 12","0 0 11 34 68 92 98 97 68 28 11 4 0 0"
416,14,"1 2 4 8 16 31 7 11 21 25 13 3 17 18","0 0 11 35 65 92 106 91 62 36 11 1 1 0"
417,14,"1 2 4 8 16 31 7 11 21 25 13 3 18 5","0 0 11 35 65 92 106 91 62 36 11 1 1 0"
418,14,"1 2 4 8 16 31 7 11 21 25 13 3 18 20","0 0 11 35 65 92 106 91 62 36 11 1 1 0"
419,14,"1 2 4 8 16 15 19 21 25 30 3 5 23 7","0 0 11 35 69 88 94 103 74 24 7 5 1 0"
420,14,"1 2 4 8 16 31 7 11 21 13 14 17 18 3","0 0 11 36 64 88 110 97 56 32 15 2 0 0"
421,14,"1 2 4 8 16 31 7 11 21 13 14 17 18 5","0 0 11 36 64 88 110 97 56 32 15 2 0 0"
422,14,"1 2 4 8 16 31 7 11 21 25 13 3 18 6","0 0 11 36 64 88 110 97 56 32 15 2 0 0"
423,14,"1 2 4 8 16 31 7 11 21 13 14 17 3 6","0 0 11 37 65 84 106 103 62 28 11 3 1 0"
424,14,"1 2 4 8 16 31 7 11 21 13 14 17 20 10","0 0 11 37 65 84 106 103 62 28 11 3 1 0"
425,14,"1 2 4 8 16 31 7 11 21 25 13 3 5 9","0 0 11 37 65 84 106 103 62 28 11 3 1 0"
426,14,"1 2 4 8 16 31 7 11 21 13 17 3 24 15","0 0 12 32 65 100 100 85 70 36 8 2 1 0"
427,14,"1 2 4 8 16 15 19 21 25 3 29 5 10 12","0 0 12 33 64 96 104 91 64 32 12 3 0 0"
428,14,"1 2 4 8 16 15 19 21 25 3 29 5 12 18","0 0 12 33 64 96 104 91 64 32 12 3 0 0"
429,14,"1 2 4 8 16 15 19 21 25 3 29 5 27 6","0 0 12 33 64 96 104 91 64 32 12 3 0 0"
430,14,"1 2 4 8 16 15 19 21 25 30 3 5 10 17","0 0 12 33 64 96 104 91 64 32 12 3 0 0"
431,14,"1 2 4 8 16 31 7 11 21 13 17 3 23 10","0 0 12 33 64 96 104 91 64 32 12 3 0 0"
432,14,"1 2 4 8 16 31 7 11 21 13 17 3 24 5","0 0 12 33 64 96 104 91 64 32 12 3 0 0"
433,14,"1 2 4 8 16 31 7 11 21 13 17 3 24 9","0 0 12 33 64 96 104 91 64 32 12 3 0 0"
434,14,"1 2 4 8 16 31 7 11 21 13 17 3 24 10","0 0 12 33 64 96 104 91 64 32 12 3 0 0"
435,14,"1 2 4 8 16 31 7 11 21 25 3 17 23 27","0 0 12 33 64 96 104 91 64 32 12 3 0 0"
436,14,"1 2 4 8 16 15 19 21 25 3 29 5 6 18","0 0 12 34 64 93 104 93 64 34 12 0 0 1"
437,14,"1 2 4 8 16 15 19 21 25 30 3 5 6 17","0 0 12 34 64 93 104 93 64 34 12 0 0 1"
438,14,"1 2 4 8 16 31 7 11 13 14 17 18 5 9","0 0 12 34 64 93 104 93 64 34 12 0 0 1"
439,14,"1 2 4 8 16 31 7 11 21 13 17 3 9 15","0 0 12 34 64 93 104 93 64 34 12 0 0 1"
440,14,"1 2 4 8 16 31 7 11 13 14 17 18 5 12","0 0 12 34 65 92 100 97 70 28 8 4 1 0"
441,14,"1 2 4 8 16 31 7 11 21 13 17 3 23 6","0 0 12 34 65 92 100 97 70 28 8 4 1 0"
442,14,"1 2 4 8 16 31 7 11 21 25 13 5 6 18","0 0 12 35 60 92 116 91 52 36 16 1 0 0"
443,14,"1 2 4 8 16 15 19 21 25 30 3 5 6 7","0 0 12 35 64 88 104 103 64 24 12 5 0 0"
444,14,"1 2 4 8 16 15 19 21 25 30 3 5 7 22","0 0 12 35 64 88 104 103 64 24 12 5 0 0"
445,14,"1 2 4 8 16 31 7 11 13 14 17 18 5 6","0 0 12 35 64 88 104 103 64 24 12 5 0 0"
446,14,"1 2 4 8 16 31 7 11 21 13 17 3 23 5","0 0 12 35 64 88 104 103 64 24 12 5 0 0"
447,14,"1 2 4 8 16 31 7 11 21 13 17 3 23 20","0 0 12 35 64 88 104 103 64 24 12 5 0 0"
448,14,"1 2 4 8 16 31 7 11 21 13 14 17 3 5","0 0 12 36 61 88 112 97 58 32 12 2 1 0"
449,14,"1 2 4 8 16 31 7 11 21 25 13 3 5 6","0 0 12 36 61 88 112 97 58 32 12 2 1 0"
450,14,"1 2 4 8 16 31 7 11 21 25 13 5 6 9","0 0 12 36 61 88 112 97 58 32 12 2 1 0"
451,14,"1 2 4 8 16 31 7 11 21 13 14 17 20 5","0 0 12 37 60 84 116 103 52 28 16 3 0 0"
452,14,"1 2 4 8 16 31 7 11 21 25 13 5 9 15","0 0 12 37 60 84 116 103 52 28 16 3 0 0"
453,14,"1 2 4 8 16 15 19 21 25 30 3 18 7 22","0 0 12 37 64 80 104 115 64 16 12 7 0 0"
454,14,"1 2 4 8 16 31 7 11 21 13 14 3 6 9","0 0 12 41 64 72 104 115 64 24 12 3 0 0"
455,14,"1 2 4 8 16 31 7 11 21 13 14 26 5 10","0 0 12 45 48 72 136 107 48 24 12 7 0 0"
456,14,"1 2 4 8 16 15 19 21 25 3 29 5 10 17","0 0 13 31 61 104 106 79 66 40 9 1 1 0"
457,14,"1 2 4 8 16 31 7 11 21 13 3 18 20 10","0 0 13 32 60 100 110 85 60 36 13 2 0 0"
458,14,"1 2 4 8 16 31 7 11 21 13 17 3 10 18","0 0 13 32 60 100 110 85 60 36 13 2 0 0"
459,14,"1 2 4 8 16 15 19 21 25 3 29 5 6 17","0 0 13 33 61 96 106 91 66 32 9 3 1 0"
460,14,"1 2 4 8 16 15 19 21 25 3 29 5 7 6","0 0 13 33 61 96 106 91 66 32 9 3 1 0"
461,14,"1 2 4 8 16 15 19 21 25 3 29 5 7 17","0 0 13 33 61 96 106 91 66 32 9 3 1 0"
462,14,"1 2 4 8 16 15 19 21 25 7 9 3 20 6","0 0 13 33 61 96 106 91 66 32 9 3 1 0"
463,14,"1 2 4 8 16 15 19 21 25 30 3 5 7 17","0 0 13 33 61 96 106 91 66 32 9 3 1 0"
464,14,"1 2 4 8 16 31 7 11 21 13 3 18 20 5","0 0 13 33 61 96 106 91 66 32 9 3 1 0"
465,14,"1 2 4 8 16 31 7 11 21 13 17 3 10 15","0 0 13 33 61 96 106 91 66 32 9 3 1 0"
466,14,"1 2 4 8 16 31 7 11 21 13 17 3 18 5","0 0 13 33 61 96 106 91 66 32 9 3 1 0"
467,14,"1 2 4 8 16 31 7 11 21 13 17 20 10 15","0 0 13 33 61 96 106 91 66 32 9 3 1 0"
468,14,"1 2 4 8 16 31 7 11 13 14 17 18 5 3","0 0 13 34 60 92 110 97 60 28 13 4 0 0"
469,14,"1 2 4 8 16 31 7 11 21 13 3 18 20 6","0 0 13 34 60 92 110 97 60 28 13 4 0 0"
470,14,"1 2 4 8 16 31 7 11 21 13 17 3 9 10","0 0 13 34 60 92 110 97 60 28 13 4 0 0"
471,14,"1 2 4 8 16 31 7 11 21 13 17 3 10 5","0 0 13 34 60 92 110 97 60 28 13 4 0 0"
472,14,"1 2 4 8 16 31 7 11 13 14 17 18 12 3","0 0 13 35 61 88 106 103 66 24 9 5 1 0"
473,14,"1 2 4 8 16 31 7 11 21 13 17 3 6 5","0 0 13 35 61 88 106 103 66 24 9 5 1 0"
474,14,"1 2 4 8 16 31 7 11 21 13 14 17 5 10","0 0 13 37 57 84 118 103 54 28 13 3 1 0"
475,14,"1 2 4 8 16 31 7 11 21 25 13 5 9 12","0 0 13 37 57 84 118 103 54 28 13 3 1 0"
476,14,"1 2 4 8 16 31 7 11 21 13 14 3 6 10","0 0 13 39 61 80 106 103 66 32 9 1 1 0"
477,14,"1 2 4 8 16 15 19 21 25 3 5 10 12 17","0 0 14 31 56 104 116 79 56 40 14 1 0 0"
478,14,"1 2 4 8 16 15 19 21 9 31 3 6 11 10","0 0 14 32 57 100 112 85 62 36 10 2 1 0"
479,14,"1 2 4 8 16 15 19 21 9 31 3 6 23 7","0 0 14 32 57 100 112 85 62 36 10 2 1 0"
480,14,"1 2 4 8 16 15 19 21 25 3 29 5 12 17","0 0 14 33 56 96 116 91 56 32 14 3 0 0"
481,14,"1 2 4 8 16 31 7 11 13 18 20 3 5 15","0 0 14 33 56 96 116 91 56 32 14 3 0 0"
482,14,"1 2 4 8 16 31 7 11 21 13 17 20 10 5","0 0 14 33 56 96 116 91 56 32 14 3 0 0"
483,14,"1 2 4 8 16 31 7 11 21 13 20 3 5 23","0 0 14 33 56 96 116 91 56 32 14 3 0 0"
484,14,"1 2 4 8 16 31 7 11 13 14 17 18 3 15","0 0 14 34 56 93 116 93 56 34 14 0 0 1"
485,14,"1 2 4 8 16 31 7 11 21 13 3 18 10 15","0 0 14 34 56 93 116 93 56 34 14 0 0 1"
486,14,"1 2 4 8 16 31 7 11 21 13 20 3 6 5","0 0 14 34 56 93 116 93 56 34 14 0 0 1"
487,14,"1 2 4 8 16 15 19 21 9 31 3 6 10 5","0 0 14 34 57 92 112 97 62 28 10 4 1 0"
488,14,"1 2 4 8 16 15 19 21 25 7 9 3 5 6","0 0 14 34 57 92 112 97 62 28 10 4 1 0"
489,14,"1 2 4 8 16 15 19 21 25 3 5 10 12 6","0 0 14 35 56 88 116 103 56 24 14 5 0 0"
490,14,"1 2 4 8 16 15 19 21 25 30 3 18 7 17","0 0 14 35 56 88 116 103 56 24 14 5 0 0"
491,14,"1 2 4 8 16 15 19 21 25 3 5 23 7 17","0 0 14 36 61 88 100 97 74 32 6 2 1 0"
492,14,"1 2 4 8 16 15 19 21 25 3 5 23 6 7","0 0 14 37 60 84 104 103 68 28 10 3 0 0"
493,14,"1 2 4 8 16 31 7 11 13 14 17 3 5 10","0 0 14 37 60 84 104 103 68 28 10 3 0 0"
494,14,"1 2 4 8 16 31 7 11 21 13 14 3 5 10","0 0 14 39 56 80 116 103 56 32 14 1 0 0"
495,14,"1 2 4 8 16 31 7 11 21 13 14 3 6 5","0 0 14 39 56 80 116 103 56 32 14 1 0 0"
496,14,"1 2 4 8 16 15 19 5 24 13 3 23 11 7","0 0 15 33 53 96 118 91 58 32 11 3 1 0"
497,14,"1 2 4 8 16 15 19 21 25 7 9 23 6 17","0 0 15 33 53 96 118 91 58 32 11 3 1 0"
498,14,"1 2 4 8 16 31 7 11 13 18 20 3 5 6","0 0 15 33 53 96 118 91 58 32 11 3 1 0"
499,14,"1 2 4 8 16 31 7 11 21 13 17 10 15 5","0 0 15 35 53 88 118 103 58 24 11 5 1 0"
500,14,"1 2 4 8 16 15 19 21 9 23 3 6 20 17","0 0 15 35 57 92 106 91 70 36 7 1 1 0"
501,14,"1 2 4 8 16 31 7 11 13 14 17 3 5 6","0 0 15 36 56 88 110 97 64 32 11 2 0 0"
502,14,"1 2 4 8 16 31 7 11 13 14 17 3 5 15","0 0 15 36 56 88 110 97 64 32 11 2 0 0"
503,14,"1 2 4 8 16 31 7 11 21 13 3 6 10 5","0 0 15 36 56 88 110 97 64 32 11 2 0 0"
504,14,"1 2 4 8 16 7 11 19 5 24 9 20 3 12","0 0 16 33 48 96 128 91 48 32 16 3 0 0"
505,14,"1 2 4 8 16 15 19 21 25 3 29 12 18 17","0 0 16 33 48 96 128 91 48 32 16 3 0 0"
506,14,"1 2 4 8 16 31 7 11 21 13 20 5 10 15","0 0 16 34 48 93 128 93 48 34 16 0 0 1"
507,14,"1 2 4 8 16 15 19 21 9 23 3 6 20 7","0 0 16 35 52 92 116 91 60 36 12 1 0 0"
508,14,"1 2 4 8 16 31 7 11 13 18 20 9 6 15","0 0 16 36 53 88 112 97 66 32 8 2 1 0"
509,14,"1 2 4 8 16 31 7 11 13 14 17 3 12 15","0 0 16 37 52 84 116 103 60 28 12 3 0 0"
510,14,"1 2 4 8 16 31 7 11 21 13 3 5 10 15","0 0 16 37 52 84 116 103 60 28 12 3 0 0"
511,14,"1 2 4 8 16 31 7 11 21 13 14 5 10 15","0 0 16 41 48 72 128 115 48 24 16 3 0 0"
512,14,"1 2 4 8 16 31 7 11 13 14 3 5 10 12","0 0 16 45 64 72 96 107 64 24 16 7 0 0"
513,14,"1 2 4 8 16 31 7 11 13 14 3 5 9 6","0 0 17 43 61 80 98 95 66 32 13 5 1 0"
514,14,"1 2 4 8 16 31 7 11 13 14 3 5 9 15","0 0 17 43 61 80 98 95 66 32 13 5 1 0"
515,14,"1 2 4 8 16 31 7 11 13 14 3 5 6 15","0 0 18 42 56 85 108 85 56 42 18 0 0 1"
516,14,"1 2 4 8 16 15 19 21 3 5 23 17 6 7","0 0 18 42 57 84 104 89 62 36 14 4 1 0"
517,14,"1 2 4 8 16 31 7 11 13 14 3 5 10 15","0 0 18 43 56 80 108 95 56 32 18 5 0 0"
518,14,"1 2 4 8 16 7 11 13 14 3 5 9 15 6","0 0 22 55 72 96 116 87 40 16 6 1 0 0"
519,14,"2 3 4 5 6 7 8 9 10 11 12 13 14 15","0 0 28 77 112 168 232 203 112 56 28 7 0 0"
520,15,"1 2 4 8 16 31 7 11 21 25 13 14 19 22 26","0 0 0 105 0 280 0 435 0 168 0 35 0 0 0"
521,15,"1 2 4 8 16 31 7 11 21 25 13 14 19 22 3","0 0 6 77 62 168 188 203 188 56 62 7 6 0 0"
522,15,"1 2 4 8 16 31 7 11 21 25 13 14 19 22 6","0 0 7 77 56 168 203 203 168 56 77 7 0 0 1"
523,15,"1 2 4 8 16 31 7 11 21 25 13 14 19 3 17","0 0 10 60 90 141 212 193 164 98 34 18 2 1 0"
524,15,"1 2 4 8 16 31 7 11 21 25 13 14 19 3 5","0 0 10 61 90 136 212 203 164 88 34 23 2 0 0"
525,15,"1 2 4 8 16 31 7 11 21 25 13 14 19 3 6","0 0 11 60 85 141 222 193 154 98 39 18 1 1 0"
526,15,"1 2 4 8 16 15 19 21 25 30 3 5 23 9 27","0 0 12 49 108 144 176 219 176 80 36 19 4 0 0"
527,15,"1 2 4 8 16 31 7 11 21 13 14 26 3 17 23","0 0 12 51 102 144 192 207 164 96 36 13 6 0 0"
528,15,"1 2 4 8 16 31 7 11 21 25 13 14 17 3 20","0 0 12 51 102 144 192 207 164 96 36 13 6 0 0"
529,15,"1 2 4 8 16 31 7 11 21 25 13 14 17 18 20","0 0 12 52 100 141 200 209 152 98 44 10 4 1 0"
530,15,"1 2 4 8 16 31 7 11 21 13 14 26 3 17 6","0 0 12 53 100 136 200 219 152 88 44 15 4 0 0"
531,15,"1 2 4 8 16 31 7 11 21 25 13 14 17 20 24","0 0 12 53 100 136 200 219 152 88 44 15 4 0 0"
532,15,"1 2 4 8 16 31 7 11 21 13 14 26 3 6 9","0 0 12 57 100 120 200 243 152 72 44 19 4 0 0"
533,15,"1 2 4 8 16 31 7 11 21 25 13 14 19 6 10","0 0 12 61 80 136 232 203 144 88 44 23 0 0 0"
534,15,"1 2 4 8 16 15 19 21 25 30 3 5 23 9 10","0 0 13 48 103 149 186 209 166 90 41 14 3 1 0"
535,15,"1 2 4 8 16 31 7 11 21 13 14 17 18 20 9","0 0 13 48 103 149 186 209 166 90 41 14 3 1 0"
536,15,"1 2 4 8 16 31 7 11 21 25 13 14 17 18 3","0 0 13 50 97 149 202 197 154 106 41 8 5 1 0"
537,15,"1 2 4 8 16 31 7 11 21 25 13 14 17 18 5","0 0 13 50 97 149 202 197 154 106 41 8 5 1 0"
538,15,"1 2 4 8 16 15 19 21 25 30 3 5 23 9 6","0 0 13 50 101 141 194 221 154 82 49 16 1 1 0"
539,15,"1 2 4 8 16 31 7 11 21 13 14 26 3 17 18","0 0 13 51 96 144 207 207 144 96 51 13 0 0 1"
540,15,"1 2 4 8 16 31 7 11 21 25 13 14 17 20 6","0 0 13 51 96 144 207 207 144 96 51 13 0 0 1"
541,15,"1 2 4 8 16 31 7 11 21 25 13 14 17 3 5","0 0 13 51 97 144 202 207 154 96 41 13 5 0 0"
542,15,"1 2 4 8 16 31 7 11 21 25 13 14 17 20 9","0 0 13 51 97 144 202 207 154 96 41 13 5 0 0"
543,15,"1 2 4 8 16 15 19 21 25 3 29 5 27 7 14","0 0 14 45 102 160 180 195 180 96 30 15 6 0 0"
544,15,"1 2 4 8 16 15 19 21 25 30 3 5 10 29 7","0 0 14 46 100 157 188 197 168 98 38 12 4 1 0"
545,15,"1 2 4 8 16 15 19 21 25 30 3 5 10 12 7","0 0 14 47 100 152 188 207 168 88 38 17 4 0 0"
546,15,"1 2 4 8 16 15 19 21 25 30 3 5 23 9 7","0 0 14 47 100 152 188 207 168 88 38 17 4 0 0"
547,15,"1 2 4 8 16 31 7 11 21 13 14 17 18 6 9","0 0 14 47 100 152 188 207 168 88 38 17 4 0 0"
548,15,"1 2 4 8 16 31 7 11 21 13 14 17 18 20 3","0 0 14 48 98 149 196 209 156 90 46 14 2 1 0"
549,15,"1 2 4 8 16 31 7 11 21 25 13 3 17 6 9","0 0 14 48 98 149 196 209 156 90 46 14 2 1 0"
550,15,"1 2 4 8 16 31 7 11 21 25 13 3 17 6 20","0 0 14 48 98 149 196 209 156 90 46 14 2 1 0"
551,15,"1 2 4 8 16 15 19 21 25 30 3 5 10 12 6","0 0 14 49 98 144 196 219 156 80 46 19 2 0 0"
552,15,"1 2 4 8 16 31 7 11 21 13 14 17 20 3 6","0 0 14 49 98 144 196 219 156 80 46 19 2 0 0"
553,15,"1 2 4 8 16 31 7 11 21 25 13 14 17 5 6","0 0 14 50 92 149 212 197 144 106 46 8 4 1 0"
554,15,"1 2 4 8 16 31 7 11 21 13 14 26 3 17 5","0 0 14 51 92 144 212 207 144 96 46 13 4 0 0"
555,15,"1 2 4 8 16 31 7 11 21 25 13 14 17 5 9","0 0 14 51 92 144 212 207 144 96 46 13 4 0 0"
556,15,"1 2 4 8 16 31 7 11 21 25 13 14 17 20 5","0 0 14 51 92 144 212 207 144 96 46 13 4 0 0"
557,15,"1 2 4 8 16 31 7 11 21 13 14 26 3 6 10","0 0 14 53 94 136 204 219 156 88 38 15 6 0 0"
558,15,"1 2 4 8 16 31 7 11 21 25 13 14 3 5 9","0 0 14 53 94 136 204 219 156 88 38 15 6 0 0"
559,15,"1 2 4 8 16 15 19 21 25 30 3 5 10 29 17","0 0 15 44 97 165 190 185 170 106 35 10 5 1 0"
560,15,"1 2 4 8 16 15 19 21 25 3 29 5 10 12 18","0 0 15 45 96 160 195 195 160 96 45 15 0 0 1"
561,15,"1 2 4 8 16 15 19 21 25 30 3 5 10 7 26","0 0 15 45 96 160 195 195 160 96 45 15 0 0 1"
562,15,"1 2 4 8 16 15 19 21 25 30 3 5 10 12 17","0 0 15 45 96 160 195 195 160 96 45 15 0 0 1"
563,15,"1 2 4 8 16 31 7 11 21 13 17 3 24 12 18","0 0 15 45 96 160 195 195 160 96 45 15 0 0 1"
564,15,"1 2 4 8 16 31 7 11 21 25 3 17 23 27 30","0 0 15 45 96 160 195 195 160 96 45 15 0 0 1"
565,15,"1 2 4 8 16 15 19 21 25 3 29 5 27 7 18","0 0 15 45 97 160 190 195 170 96 35 15 5 0 0"
566,15,"1 2 4 8 16 15 19 21 25 30 3 5 10 7 11","0 0 15 45 97 160 190 195 170 96 35 15 5 0 0"
567,15,"1 2 4 8 16 15 19 21 25 3 29 5 27 7 17","0 0 15 46 95 157 198 197 158 98 43 12 3 1 0"
568,15,"1 2 4 8 16 31 7 11 21 13 14 17 18 6 10","0 0 15 46 95 157 198 197 158 98 43 12 3 1 0"
569,15,"1 2 4 8 16 31 7 11 21 13 17 3 24 12 10","0 0 15 46 95 157 198 197 158 98 43 12 3 1 0"
570,15,"1 2 4 8 16 31 7 11 21 25 13 3 17 5 18","0 0 15 46 95 157 198 197 158 98 43 12 3 1 0"
571,15,"1 2 4 8 16 31 7 11 21 25 13 3 17 6 18","0 0 15 46 95 157 198 197 158 98 43 12 3 1 0"
572,15,"1 2 4 8 16 31 7 11 21 25 13 3 18 5 20","0 0 15 46 95 157 198 197 158 98 43 12 3 1 0"
573,15,"1 2 4 8 16 31 7 11 21 25 13 3 18 20 24","0 0 15 46 95 157 198 197 158 98 43 12 3 1 0"
574,15,"1 2 4 8 16 31 7 11 21 13 14 17 18 6 3","0 0 15 47 95 152 198 207 158 88 43 17 3 0 0"
575,15,"1 2 4 8 16 31 7 11 21 13 14 17 18 6 5","0 0 15 47 95 152 198 207 158 88 43 17 3 0 0"
576,15,"1 2 4 8 16 31 7 11 21 13 14 17 20 3 10","0 0 15 47 95 152 198 207 158 88 43 17 3 0 0"
577,15,"1 2 4 8 16 31 7 11 21 13 17 3 24 12 5","0 0 15 47 95 152 198 207 158 88 43 17 3 0 0"
578,15,"1 2 4 8 16 31 7 11 21 25 13 3 17 6 5","0 0 15 47 95 152 198 207 158 88 43 17 3 0 0"
579,15,"1 2 4 8 16 31 7 11 21 13 14 17 18 20 5","0 0 15 48 93 149 206 209 146 90 51 14 1 1 0"
580,15,"1 2 4 8 16 31 7 11 21 25 13 3 18 6 10","0 0 15 48 93 149 206 209 146 90 51 14 1 1 0"
581,15,"1 2 4 8 16 15 19 21 25 30 3 5 23 6 7","0 0 15 50 95 141 198 221 158 82 43 16 3 1 0"
582,15,"1 2 4 8 16 31 7 11 21 13 14 17 3 6 9","0 0 15 50 95 141 198 221 158 82 43 16 3 1 0"
583,15,"1 2 4 8 16 31 7 11 21 25 13 14 3 5 6","0 0 15 52 89 141 214 209 146 98 43 10 5 1 0"
584,15,"1 2 4 8 16 31 7 11 21 25 13 14 5 6 9","0 0 15 52 89 141 214 209 146 98 43 10 5 1 0"
585,15,"1 2 4 8 16 31 7 11 21 13 14 26 3 6 5","0 0 15 53 88 136 219 219 136 88 53 15 0 0 1"
586,15,"1 2 4 8 16 31 7 11 21 25 13 14 5 9 15","0 0 15 53 88 136 219 219 136 88 53 15 0 0 1"
587,15,"1 2 4 8 16 31 7 11 21 13 17 3 24 15 9","0 0 16 44 92 165 200 185 160 106 40 10 4 1 0"
588,15,"1 2 4 8 16 15 19 21 25 3 29 5 12 18 7","0 0 16 45 92 160 200 195 160 96 40 15 4 0 0"
589,15,"1 2 4 8 16 15 19 21 25 3 29 5 27 6 17","0 0 16 45 92 160 200 195 160 96 40 15 4 0 0"
590,15,"1 2 4 8 16 15 19 21 25 3 29 5 27 7 6","0 0 16 45 92 160 200 195 160 96 40 15 4 0 0"
591,15,"1 2 4 8 16 15 19 21 25 30 3 5 10 7 17","0 0 16 45 92 160 200 195 160 96 40 15 4 0 0"
592,15,"1 2 4 8 16 31 7 11 21 13 17 3 23 10 15","0 0 16 45 92 160 200 195 160 96 40 15 4 0 0"
593,15,"1 2 4 8 16 31 7 11 21 13 17 3 23 10 20","0 0 16 45 92 160 200 195 160 96 40 15 4 0 0"
594,15,"1 2 4 8 16 31 7 11 21 13 17 3 24 12 15","0 0 16 45 92 160 200 195 160 96 40 15 4 0 0"
595,15,"1 2 4 8 16 31 7 11 21 13 17 3 24 15 5","0 0 16 45 92 160 200 195 160 96 40 15 4 0 0"
596,15,"1 2 4 8 16 31 7 11 21 13 17 3 24 15 10","0 0 16 45 92 160 200 195 160 96 40 15 4 0 0"
597,15,"1 2 4 8 16 31 7 11 21 13 14 17 18 3 5","0 0 16 46 90 157 208 197 148 98 48 12 2 1 0"
598,15,"1 2 4 8 16 31 7 11 21 13 17 3 24 5 10","0 0 16 46 90 157 208 197 148 98 48 12 2 1 0"
599,15,"1 2 4 8 16 31 7 11 21 25 13 3 18 5 6","0 0 16 46 90 157 208 197 148 98 48 12 2 1 0"
600,15,"1 2 4 8 16 15 19 21 25 3 29 5 10 12 6","0 0 16 47 90 152 208 207 148 88 48 17 2 0 0"
601,15,"1 2 4 8 16 31 7 11 21 13 14 17 18 5 10","0 0 16 47 90 152 208 207 148 88 48 17 2 0 0"
602,15,"1 2 4 8 16 31 7 11 21 13 14 17 20 3 5","0 0 16 47 90 152 208 207 148 88 48 17 2 0 0"
603,15,"1 2 4 8 16 31 7 11 21 25 13 3 18 20 6","0 0 16 47 90 152 208 207 148 88 48 17 2 0 0"
604,15,"1 2 4 8 16 15 19 21 25 30 3 5 23 7 17","0 0 16 47 94 152 192 207 172 88 32 17 6 0 0"
605,15,"1 2 4 8 16 31 7 11 13 14 17 18 5 12 6","0 0 16 47 94 152 192 207 172 88 32 17 6 0 0"
606,15,"1 2 4 8 16 31 7 11 13 14 17 18 5 9 6","0 0 16 48 92 149 200 209 160 90 40 14 4 1 0"
607,15,"1 2 4 8 16 31 7 11 21 13 14 17 3 6 10","0 0 16 48 92 149 200 209 160 90 40 14 4 1 0"
608,15,"1 2 4 8 16 31 7 11 21 25 13 3 5 9 6","0 0 16 48 92 149 200 209 160 90 40 14 4 1 0"
609,15,"1 2 4 8 16 31 7 11 21 25 3 17 23 27 19","0 0 16 49 88 144 216 219 136 80 56 19 0 0 0"
610,15,"1 2 4 8 16 31 7 11 21 13 14 17 20 10 15","0 0 16 49 92 144 200 219 160 80 40 19 4 0 0"
611,15,"1 2 4 8 16 31 7 11 21 25 13 3 5 9 12","0 0 16 49 92 144 200 219 160 80 40 19 4 0 0"
612,15,"1 2 4 8 16 31 7 11 21 13 14 26 3 5 10","0 0 16 53 84 136 224 219 136 88 48 15 4 0 0"
613,15,"1 2 4 8 16 31 7 11 21 25 13 14 5 9 12","0 0 16 53 84 136 224 219 136 88 48 15 4 0 0"
614,15,"1 2 4 8 16 31 7 11 21 13 14 3 6 9 12","0 0 16 57 96 120 192 243 160 72 48 19 0 0 0"
615,15,"1 2 4 8 16 15 19 21 25 3 29 5 10 12 17","0 0 17 44 87 165 210 185 150 106 45 10 3 1 0"
616,15,"1 2 4 8 16 31 7 11 21 13 3 18 20 10 15","0 0 17 44 87 165 210 185 150 106 45 10 3 1 0"
617,15,"1 2 4 8 16 31 7 11 21 13 3 18 20 10 5","0 0 17 45 87 160 210 195 150 96 45 15 3 0 0"
618,15,"1 2 4 8 16 31 7 11 21 13 3 18 20 10 6","0 0 17 45 87 160 210 195 150 96 45 15 3 0 0"
619,15,"1 2 4 8 16 31 7 11 21 13 17 3 24 9 10","0 0 17 45 87 160 210 195 150 96 45 15 3 0 0"
620,15,"1 2 4 8 16 31 7 11 21 25 13 5 6 18 20","0 0 17 46 85 157 218 197 138 98 53 12 1 1 0"
621,15,"1 2 4 8 16 15 19 21 25 3 29 5 6 18 7","0 0 17 46 89 157 202 197 162 98 37 12 5 1 0"
622,15,"1 2 4 8 16 15 19 21 25 30 3 5 6 17 7","0 0 17 46 89 157 202 197 162 98 37 12 5 1 0"
623,15,"1 2 4 8 16 31 7 11 13 14 17 18 5 9 3","0 0 17 46 89 157 202 197 162 98 37 12 5 1 0"
624,15,"1 2 4 8 16 31 7 11 13 14 17 18 5 9 12","0 0 17 46 89 157 202 197 162 98 37 12 5 1 0"
625,15,"1 2 4 8 16 31 7 11 21 13 17 3 9 15 10","0 0 17 46 89 157 202 197 162 98 37 12 5 1 0"
626,15,"1 2 4 8 16 15 19 21 25 30 3 5 6 7 22","0 0 17 47 88 152 207 207 152 88 47 17 0 0 1"
627,15,"1 2 4 8 16 31 7 11 13 14 17 18 5 6 15","0 0 17 47 88 152 207 207 152 88 47 17 0 0 1"
628,15,"1 2 4 8 16 31 7 11 21 13 17 3 23 5 20","0 0 17 47 88 152 207 207 152 88 47 17 0 0 1"
629,15,"1 2 4 8 16 31 7 11 13 14 17 18 5 12 3","0 0 17 47 89 152 202 207 162 88 37 17 5 0 0"
630,15,"1 2 4 8 16 31 7 11 21 13 17 3 23 6 5","0 0 17 47 89 152 202 207 162 88 37 17 5 0 0"
631,15,"1 2 4 8 16 31 7 11 21 13 14 17 3 5 10","0 0 17 48 87 149 210 209 150 90 45 14 3 1 0"
632,15,"1 2 4 8 16 31 7 11 21 13 14 17 3 6 5","0 0 17 48 87 149 210 209 150 90 45 14 3 1 0"
633,15,"1 2 4 8 16 31 7 11 21 13 14 17 20 10 5","0 0 17 48 87 149 210 209 150 90 45 14 3 1 0"
634,15,"1 2 4 8 16 31 7 11 21 25 13 5 6 9 12","0 0 17 48 87 149 210 209 150 90 45 14 3 1 0"
635,15,"1 2 4 8 16 15 19 21 25 3 5 10 12 17 6","0 0 18 45 82 160 220 195 140 96 50 15 2 0 0"
636,15,"1 2 4 8 16 15 19 21 25 3 29 5 12 18 17","0 0 18 45 82 160 220 195 140 96 50 15 2 0 0"
637,15,"1 2 4 8 16 15 19 21 25 3 29 5 7 17 18","0 0 18 46 84 157 212 197 152 98 42 12 4 1 0"
638,15,"1 2 4 8 16 31 7 11 13 14 17 18 5 3 15","0 0 18 46 84 157 212 197 152 98 42 12 4 1 0"
639,15,"1 2 4 8 16 31 7 11 21 13 3 18 20 5 6","0 0 18 46 84 157 212 197 152 98 42 12 4 1 0"
640,15,"1 2 4 8 16 15 19 21 25 30 3 5 7 22 17","0 0 18 47 84 152 212 207 152 88 42 17 4 0 0"
641,15,"1 2 4 8 16 31 7 11 13 14 17 18 5 6 3","0 0 18 47 84 152 212 207 152 88 42 17 4 0 0"
642,15,"1 2 4 8 16 31 7 11 21 13 17 3 10 15 5","0 0 18 47 84 152 212 207 152 88 42 17 4 0 0"
643,15,"1 2 4 8 16 31 7 11 21 13 14 3 6 9 5","0 0 18 53 90 136 196 219 164 88 42 15 2 0 0"
644,15,"1 2 4 8 16 31 7 11 21 13 14 3 6 10 15","0 0 18 53 90 136 196 219 164 88 42 15 2 0 0"
645,15,"1 2 4 8 16 31 7 11 13 18 20 3 5 15 6","0 0 19 46 79 157 222 197 142 98 47 12 3 1 0"
646,15,"1 2 4 8 16 31 7 11 21 13 17 20 10 15 5","0 0 19 46 79 157 222 197 142 98 47 12 3 1 0"
647,15,"1 2 4 8 16 31 7 11 13 14 17 18 12 3 15","0 0 19 48 81 149 214 209 154 90 39 14 5 1 0"
648,15,"1 2 4 8 16 31 7 11 21 13 3 18 10 15 5","0 0 19 48 81 149 214 209 154 90 39 14 5 1 0"
649,15,"1 2 4 8 16 15 19 21 25 3 5 10 12 6 9","0 0 19 49 80 144 219 219 144 80 49 19 0 0 1"
650,15,"1 2 4 8 16 15 19 21 25 30 3 18 7 22 17","0 0 19 49 80 144 219 219 144 80 49 19 0 0 1"
651,15,"1 2 4 8 16 31 7 11 21 13 14 17 5 10 15","0 0 19 50 79 141 222 221 142 82 47 16 3 1 0"
652,15,"1 2 4 8 16 15 19 21 25 3 5 23 7 17 6","0 0 19 51 87 144 198 207 166 96 39 13 3 0 0"
653,15,"1 2 4 8 16 15 19 21 25 3 5 23 7 17 22","0 0 19 51 87 144 198 207 166 96 39 13 3 0 0"
654,15,"1 2 4 8 16 31 7 11 21 13 14 3 6 10 5","0 0 19 52 85 141 206 209 154 98 47 10 1 1 0"
655,15,"1 2 4 8 16 31 7 11 21 13 14 26 5 10 15","0 0 19 57 72 120 243 243 120 72 57 19 0 0 1"
656,15,"1 2 4 8 16 7 11 19 5 24 9 20 3 12 17","0 0 20 45 72 160 240 195 120 96 60 15 0 0 0"
657,15,"1 2 4 8 16 15 19 21 9 23 3 6 20 17 7","0 0 20 50 82 149 208 197 156 106 44 8 2 1 0"
658,15,"1 2 4 8 16 31 7 11 13 14 17 3 5 10 15","0 0 20 51 82 144 208 207 156 96 44 13 2 0 0"
659,15,"1 2 4 8 16 31 7 11 21 13 14 3 5 10 15","0 0 20 53 80 136 216 219 144 88 52 15 0 0 0"
660,15,"1 2 4 8 16 31 7 11 13 14 3 5 10 12 6","0 0 22 61 94 136 188 203 156 88 46 23 6 0 0"
661,15,"1 2 4 8 16 31 7 11 13 14 3 5 9 6 15","0 0 23 60 89 141 198 193 146 98 51 18 5 1 0"
662,15,"1 2 4 8 16 31 7 11 13 14 3 5 10 12 15","0 0 23 61 88 136 203 203 136 88 61 23 0 0 1"
663,15,"1 2 4 8 16 7 11 13 14 3 5 9 15 6 10","0 0 28 77 112 168 232 203 112 56 28 7 0 0 0"
664,15,"1 2 3 4 5 6 7 8 9 10 11 12 13 14 15","0 0 35 105 168 280 435 435 280 168 105 35 0 0 1"
